-- MySQL dump 10.13  Distrib 9.5.0, for Win64 (x86_64)
--
-- Host: localhost    Database: GISMarketplace
-- ------------------------------------------------------
-- Server version	9.5.0

/*!40101 SET @OLD_CHARACTER_SET_CLIENT=@@CHARACTER_SET_CLIENT */;
/*!40101 SET @OLD_CHARACTER_SET_RESULTS=@@CHARACTER_SET_RESULTS */;
/*!40101 SET @OLD_COLLATION_CONNECTION=@@COLLATION_CONNECTION */;
/*!50503 SET NAMES utf8mb4 */;
/*!40103 SET @OLD_TIME_ZONE=@@TIME_ZONE */;
/*!40103 SET TIME_ZONE='+00:00' */;
/*!40014 SET @OLD_UNIQUE_CHECKS=@@UNIQUE_CHECKS, UNIQUE_CHECKS=0 */;
/*!40014 SET @OLD_FOREIGN_KEY_CHECKS=@@FOREIGN_KEY_CHECKS, FOREIGN_KEY_CHECKS=0 */;
/*!40101 SET @OLD_SQL_MODE=@@SQL_MODE, SQL_MODE='NO_AUTO_VALUE_ON_ZERO' */;
/*!40111 SET @OLD_SQL_NOTES=@@SQL_NOTES, SQL_NOTES=0 */;
SET @MYSQLDUMP_TEMP_LOG_BIN = @@SESSION.SQL_LOG_BIN;
SET @@SESSION.SQL_LOG_BIN= 0;

--
-- GTID state at the beginning of the backup 
--

SET @@GLOBAL.GTID_PURGED=/*!80000 '+'*/ '3d6ca38c-d018-11f0-a706-6d0cf4a251ae:1-705';

--
-- Table structure for table `buyerprofile`
--

DROP TABLE IF EXISTS `buyerprofile`;
/*!40101 SET @saved_cs_client     = @@character_set_client */;
/*!50503 SET character_set_client = utf8mb4 */;
CREATE TABLE `buyerprofile` (
  `buyer_id` char(36) NOT NULL DEFAULT (uuid()),
  `organization_name` varchar(255) NOT NULL,
  `industry` varchar(100) DEFAULT NULL,
  `preferred_services` json DEFAULT NULL,
  `budget_range` varchar(50) DEFAULT NULL,
  `location` point NOT NULL DEFAULT (point(0,0)),
  `rating` decimal(3,2) DEFAULT '0.00',
  PRIMARY KEY (`buyer_id`),
  SPATIAL KEY `idx_buyer_location` (`location`),
  CONSTRAINT `buyerprofile_ibfk_1` FOREIGN KEY (`buyer_id`) REFERENCES `user` (`user_id`) ON DELETE CASCADE ON UPDATE CASCADE
) ENGINE=InnoDB DEFAULT CHARSET=utf8mb4 COLLATE=utf8mb4_0900_ai_ci;
/*!40101 SET character_set_client = @saved_cs_client */;

--
-- Dumping data for table `buyerprofile`
--

LOCK TABLES `buyerprofile` WRITE;
/*!40000 ALTER TABLE `buyerprofile` DISABLE KEYS */;
INSERT INTO `buyerprofile` VALUES ('061b6e0c-583b-4f56-8855-fb20d208b095','tyest1',NULL,NULL,NULL,_binary '\0\0\0\0\0\0\0\0\0\0\0\0\0\0\0\0\0\0\0\0\0\0\0',0.00),('a6c8090f-de27-11f0-8727-001a7dda7113','GIS-Point','LiDAR / Remote Sensing','[\"Surveying\", \"LiDAR Services\"]',NULL,_binary '\0\0\0\0\0\0\0aTR\' ˝S@ś˘#ąü—4@',0.00),('a6cc505d-de27-11f0-8727-001a7dda7113','LiDAR.CO.UK','LiDAR / Remote Sensing','[\"LiDAR Services\"]',NULL,_binary '\0\0\0\0\0\0\0aTR\' ˝S@ś˘#ąü—4@',0.00),('a6cc7b4c-de27-11f0-8727-001a7dda7113','LOGXON GmbH & Co. KG','LiDAR / Remote Sensing','[\"Surveying\", \"LiDAR Services\", \"UAV / Drone Mapping\"]',NULL,_binary '\0\0\0\0\0\0\0aTR\' ˝S@ś˘#ąü—4@',0.00),('a6d16ab5-de27-11f0-8727-001a7dda7113','Blom International Operations (BIO)','LiDAR / Remote Sensing','[\"LiDAR Services\"]',NULL,_binary '\0\0\0\0\0\0\0aTR\' ˝S@ś˘#ąü—4@',0.00),('a6d19109-de27-11f0-8727-001a7dda7113','DEPHOS Group','LiDAR / Remote Sensing','[\"LiDAR Services\", \"Point Cloud Processing\", \"Geospatial Software\"]',NULL,_binary '\0\0\0\0\0\0\0aTR\' ˝S@ś˘#ąü—4@',0.00),('a6d1b87f-de27-11f0-8727-001a7dda7113','LiDAR Scotland','LiDAR / Remote Sensing','[\"LiDAR Services\", \"Point Cloud Processing\", \"UAV / Drone Mapping\"]',NULL,_binary '\0\0\0\0\0\0\0aTR\' ˝S@ś˘#ąü—4@',0.00),('a6d1ea37-de27-11f0-8727-001a7dda7113','Leica Geosystems (Hexagon AB)','Surveying','[\"Surveying\", \"Point Cloud Processing\", \"Geospatial Software\"]',NULL,_binary '\0\0\0\0\0\0\0aTR\' ˝S@ś˘#ąü—4@',0.00),('a6d213b5-de27-11f0-8727-001a7dda7113','Fugro','Geospatial / GIS','[\"Point Cloud Processing\"]',NULL,_binary '\0\0\0\0\0\0\0aTR\' ˝S@ś˘#ąü—4@',0.00),('a6d236b6-de27-11f0-8727-001a7dda7113','MGGP Aero','LiDAR / Remote Sensing','[\"LiDAR Services\"]',NULL,_binary '\0\0\0\0\0\0\0aTR\' ˝S@ś˘#ąü—4@',0.00),('a6d25881-de27-11f0-8727-001a7dda7113','KOREC','LiDAR / Remote Sensing','[\"Surveying\", \"LiDAR Services\", \"Geospatial Software\"]',NULL,_binary '\0\0\0\0\0\0\0aTR\' ˝S@ś˘#ąü—4@',0.00),('a6d280a9-de27-11f0-8727-001a7dda7113','Laserscanning Europe GmbH','LiDAR / Remote Sensing','[\"LiDAR Services\", \"Point Cloud Processing\", \"Geospatial Software\"]',NULL,_binary '\0\0\0\0\0\0\0aTR\' ˝S@ś˘#ąü—4@',0.00),('a6d2a67d-de27-11f0-8727-001a7dda7113','Exwayz','LiDAR / Remote Sensing','[\"LiDAR Services\", \"Geospatial Software\", \"UAV / Drone Mapping\"]',NULL,_binary '\0\0\0\0\0\0\0aTR\' ˝S@ś˘#ąü—4@',0.00),('a6d2cd25-de27-11f0-8727-001a7dda7113','Outsight','LiDAR / Remote Sensing','[\"LiDAR Services\", \"Geospatial Software\"]',NULL,_binary '\0\0\0\0\0\0\0aTR\' ˝S@ś˘#ąü—4@',0.00),('a6d2efec-de27-11f0-8727-001a7dda7113','Routescene','LiDAR / Remote Sensing','[\"LiDAR Services\", \"Geospatial Software\", \"UAV / Drone Mapping\"]',NULL,_binary '\0\0\0\0\0\0\0aTR\' ˝S@ś˘#ąü—4@',0.00),('a6d31ff9-de27-11f0-8727-001a7dda7113','Terrasolid','LiDAR / Remote Sensing','[\"Surveying\", \"LiDAR Services\", \"Point Cloud Processing\", \"Geospatial Software\"]',NULL,_binary '\0\0\0\0\0\0\0aTR\' ˝S@ś˘#ąü—4@',0.00),('a6d34d8a-de27-11f0-8727-001a7dda7113','3Deling','Geospatial / GIS','[\"Point Cloud Processing\"]',NULL,_binary '\0\0\0\0\0\0\0aTR\' ˝S@ś˘#ąü—4@',0.00),('a6d3916c-de27-11f0-8727-001a7dda7113','Cyclomedia','LiDAR / Remote Sensing','[\"LiDAR Services\", \"Point Cloud Processing\", \"Geospatial Software\"]',NULL,_binary '\0\0\0\0\0\0\0aTR\' ˝S@ś˘#ąü—4@',0.00),('a6d3b9a5-de27-11f0-8727-001a7dda7113','DT Mapping','LiDAR / Remote Sensing','[\"LiDAR Services\"]',NULL,_binary '\0\0\0\0\0\0\0aTR\' ˝S@ś˘#ąü—4@',0.00),('a6d3e0bc-de27-11f0-8727-001a7dda7113','GĂ©nĂ©rations Robots','LiDAR / Remote Sensing','[\"LiDAR Services\"]',NULL,_binary '\0\0\0\0\0\0\0aTR\' ˝S@ś˘#ąü—4@',0.00),('a6d40388-de27-11f0-8727-001a7dda7113','GeoSLAM Limited','Geospatial / GIS','[\"Geospatial Services\"]',NULL,_binary '\0\0\0\0\0\0\0aTR\' ˝S@ś˘#ąü—4@',0.00),('a6d42ecf-de27-11f0-8727-001a7dda7113','Microdrones GmbH','LiDAR / Remote Sensing','[\"Surveying\", \"LiDAR Services\", \"UAV / Drone Mapping\"]',NULL,_binary '\0\0\0\0\0\0\0aTR\' ˝S@ś˘#ąü—4@',0.00),('a6d464e7-de27-11f0-8727-001a7dda7113','NM Group','LiDAR / Remote Sensing','[\"LiDAR Services\"]',NULL,_binary '\0\0\0\0\0\0\0aTR\' ˝S@ś˘#ąü—4@',0.00),('a6d48dc3-de27-11f0-8727-001a7dda7113','YellowScan SAS','LiDAR / Remote Sensing','[\"LiDAR Services\", \"Geospatial Software\", \"UAV / Drone Mapping\"]',NULL,_binary '\0\0\0\0\0\0\0aTR\' ˝S@ś˘#ąü—4@',0.00),('a6d4b606-de27-11f0-8727-001a7dda7113','FiveRivers','LiDAR / Remote Sensing','[\"Surveying\", \"LiDAR Services\", \"UAV / Drone Mapping\"]',NULL,_binary '\0\0\0\0\0\0\0aTR\' ˝S@ś˘#ąü—4@',0.00),('a6d4dc2b-de27-11f0-8727-001a7dda7113','QeBIM','BIM / Construction','[\"Point Cloud Processing\", \"BIM Services\"]',NULL,_binary '\0\0\0\0\0\0\0aTR\' ˝S@ś˘#ąü—4@',0.00),('a6d50171-de27-11f0-8727-001a7dda7113','Energyline Ltd','LiDAR / Remote Sensing','[\"LiDAR Services\", \"UAV / Drone Mapping\"]',NULL,_binary '\0\0\0\0\0\0\0aTR\' ˝S@ś˘#ąü—4@',0.00),('a6d52514-de27-11f0-8727-001a7dda7113','YellowScan','LiDAR / Remote Sensing','[\"LiDAR Services\", \"Geospatial Software\", \"UAV / Drone Mapping\"]',NULL,_binary '\0\0\0\0\0\0\0aTR\' ˝S@ś˘#ąü—4@',0.00),('a6d545bf-de27-11f0-8727-001a7dda7113','CADDEN','LiDAR / Remote Sensing','[\"Surveying\", \"LiDAR Services\", \"Point Cloud Processing\"]',NULL,_binary '\0\0\0\0\0\0\0aTR\' ˝S@ś˘#ąü—4@',0.00),('a6d56452-de27-11f0-8727-001a7dda7113','BIM SOLUTIONS','BIM / Construction','[\"LiDAR Services\", \"BIM Services\", \"UAV / Drone Mapping\"]',NULL,_binary '\0\0\0\0\0\0\0aTR\' ˝S@ś˘#ąü—4@',0.00),('a6d58313-de27-11f0-8727-001a7dda7113','XenomatiX','LiDAR / Remote Sensing','[\"LiDAR Services\"]',NULL,_binary '\0\0\0\0\0\0\0aTR\' ˝S@ś˘#ąü—4@',0.00),('a6d5a402-de27-11f0-8727-001a7dda7113','Eurosense','LiDAR / Remote Sensing','[\"LiDAR Services\"]',NULL,_binary '\0\0\0\0\0\0\0aTR\' ˝S@ś˘#ąü—4@',0.00),('a6d5ca13-de27-11f0-8727-001a7dda7113','Blickfeld','LiDAR / Remote Sensing','[\"LiDAR Services\"]',NULL,_binary '\0\0\0\0\0\0\0aTR\' ˝S@ś˘#ąü—4@',0.00),('a6d5e91d-de27-11f0-8727-001a7dda7113','BIMfaktoria','BIM / Construction','[\"Point Cloud Processing\", \"BIM Services\"]',NULL,_binary '\0\0\0\0\0\0\0aTR\' ˝S@ś˘#ąü—4@',0.00),('a6d60737-de27-11f0-8727-001a7dda7113','Laserdata GmbH','LiDAR / Remote Sensing','[\"LiDAR Services\", \"Geospatial Software\"]',NULL,_binary '\0\0\0\0\0\0\0aTR\' ˝S@ś˘#ąü—4@',0.00),('a6d6272c-de27-11f0-8727-001a7dda7113','Airborne LiDAR Mapping A/S','LiDAR / Remote Sensing','[\"LiDAR Services\"]',NULL,_binary '\0\0\0\0\0\0\0aTR\' ˝S@ś˘#ąü—4@',0.00),('a6d645ec-de27-11f0-8727-001a7dda7113','Readaar','Geospatial / GIS','[\"Point Cloud Processing\"]',NULL,_binary '\0\0\0\0\0\0\0aTR\' ˝S@ś˘#ąü—4@',0.00),('a6d662d7-de27-11f0-8727-001a7dda7113','greehill','LiDAR / Remote Sensing','[\"LiDAR Services\"]',NULL,_binary '\0\0\0\0\0\0\0aTR\' ˝S@ś˘#ąü—4@',0.00),('a6d67ffc-de27-11f0-8727-001a7dda7113','Artificial Modelling','BIM / Construction','[\"Point Cloud Processing\", \"BIM Services\"]',NULL,_binary '\0\0\0\0\0\0\0aTR\' ˝S@ś˘#ąü—4@',0.00),('a6d69fa3-de27-11f0-8727-001a7dda7113','Harmony AT','BIM / Construction','[\"BIM Services\"]',NULL,_binary '\0\0\0\0\0\0\0aTR\' ˝S@ś˘#ąü—4@',0.00),('a6d6c000-de27-11f0-8727-001a7dda7113','QeBIM Services','BIM / Construction','[\"BIM Services\"]',NULL,_binary '\0\0\0\0\0\0\0aTR\' ˝S@ś˘#ąü—4@',0.00),('a6d6efd3-de27-11f0-8727-001a7dda7113','Advenser','BIM / Construction','[\"BIM Services\"]',NULL,_binary '\0\0\0\0\0\0\0aTR\' ˝S@ś˘#ąü—4@',0.00),('a6d717f0-de27-11f0-8727-001a7dda7113','Tesla CAD UK','BIM / Construction','[\"BIM Services\"]',NULL,_binary '\0\0\0\0\0\0\0aTR\' ˝S@ś˘#ąü—4@',0.00),('a6d73a5a-de27-11f0-8727-001a7dda7113','Bimplan','BIM / Construction','[\"BIM Services\"]',NULL,_binary '\0\0\0\0\0\0\0aTR\' ˝S@ś˘#ąü—4@',0.00),('a6d75aa4-de27-11f0-8727-001a7dda7113','Bureau Bouwtechniek NV','BIM / Construction','[\"BIM Services\"]',NULL,_binary '\0\0\0\0\0\0\0aTR\' ˝S@ś˘#ąü—4@',0.00),('a6d7799e-de27-11f0-8727-001a7dda7113','BIM Consulting','BIM / Construction','[\"BIM Services\"]',NULL,_binary '\0\0\0\0\0\0\0aTR\' ˝S@ś˘#ąü—4@',0.00),('a6d797bf-de27-11f0-8727-001a7dda7113','BIMLY','BIM / Construction','[\"BIM Services\"]',NULL,_binary '\0\0\0\0\0\0\0aTR\' ˝S@ś˘#ąü—4@',0.00),('a6d7b59c-de27-11f0-8727-001a7dda7113','ATI Project','BIM / Construction','[\"BIM Services\"]',NULL,_binary '\0\0\0\0\0\0\0aTR\' ˝S@ś˘#ąü—4@',0.00),('a6d85eef-de27-11f0-8727-001a7dda7113','DPS Group Global is a global consulting, engineering, and construction management company with an office in Europe. The company uses Virtual Design and Construction (VDC) methodologies alongside BIM technologies to serve high-tech industries.','BIM / Construction','[\"BIM Services\"]',NULL,_binary '\0\0\0\0\0\0\0aTR\' ˝S@ś˘#ąü—4@',0.00),('a6d88800-de27-11f0-8727-001a7dda7113','BIM Facility AG is a BIM company mentioned among the \"Top Building Information Modeling Solutions Providers\" in Europe. The company provides BIM services and is based in Switzerland.','BIM / Construction','[\"BIM Services\"]',NULL,_binary '\0\0\0\0\0\0\0aTR\' ˝S@ś˘#ąü—4@',0.00),('a6d8e67f-de27-11f0-8727-001a7dda7113','Powerkh is a UK-based company that offers MEP (Mechanical, Electrical, and Plumbing) BIM services. It has offices in Ukraine and the USA and provides a variety of BIM outsourcing services, including content creation and 3D modeling.','BIM / Construction','[\"BIM Services\"]',NULL,_binary '\0\0\0\0\0\0\0aTR\' ˝S@ś˘#ąü—4@',0.00),('a6d90951-de27-11f0-8727-001a7dda7113','QeBIM Services is a BIM service provider based in the UK, offering BIM modeling services in Europe. The company specializes in architectural, structural, and MEP modeling.','BIM / Construction','[\"BIM Services\"]',NULL,_binary '\0\0\0\0\0\0\0aTR\' ˝S@ś˘#ąü—4@',0.00),('a6d929fe-de27-11f0-8727-001a7dda7113','Harmony AT is a German company located in Kundert. It offers BIM modeling services for clients in Europe.','BIM / Construction','[\"BIM Services\"]',NULL,_binary '\0\0\0\0\0\0\0aTR\' ˝S@ś˘#ąü—4@',0.00),('a6d94d0f-de27-11f0-8727-001a7dda7113','Small BIM Modeling Companies','BIM / Construction','[\"BIM Services\"]',NULL,_binary '\0\0\0\0\0\0\0aTR\' ˝S@ś˘#ąü—4@',0.00),('a6d98c2b-de27-11f0-8727-001a7dda7113','bimspot is an Austrian startup founded in 2018 that provides a SaaS platform for BIM-oriented collaboration. Its technology allows for the development of digital building models independent of specific software choices.','BIM / Construction','[\"BIM Services\", \"Geospatial Software\"]',NULL,_binary '\0\0\0\0\0\0\0aTR\' ˝S@ś˘#ąü—4@',0.00),('a6d9b626-de27-11f0-8727-001a7dda7113','BIM-Lab Ltd - MEP consultancy is a specialized MEP BIM consultancy located in London, UK. It focuses on mechanical, electrical, and plumbing services for construction projects.','BIM / Construction','[\"BIM Services\"]',NULL,_binary '\0\0\0\0\0\0\0aTR\' ˝S@ś˘#ąü—4@',0.00),('a6d9d914-de27-11f0-8727-001a7dda7113','BIMdesign Consulting is based in Spain and offers BIM project execution for both architectural design and MEP installations. It also provides BIM implementation and training for individuals and companies.','BIM / Construction','[\"BIM Services\"]',NULL,_binary '\0\0\0\0\0\0\0aTR\' ˝S@ś˘#ąü—4@',0.00),('a6d9f9b7-de27-11f0-8727-001a7dda7113','BIM Consulting, s.r.o. is a Czech company located in Prague. It offers BIM management consulting to institutions and companies, covering process digitization, project monitoring, data management, and standardization.','BIM / Construction','[\"BIM Services\"]',NULL,_binary '\0\0\0\0\0\0\0aTR\' ˝S@ś˘#ąü—4@',0.00),('a6da1a9d-de27-11f0-8727-001a7dda7113','Digital Engineering Works (DEWorks) is a UK-based company specializing in BIM content creation. It provides services to clients within the UK and Europe.','BIM / Construction','[\"BIM Services\"]',NULL,_binary '\0\0\0\0\0\0\0aTR\' ˝S@ś˘#ąü—4@',0.00),('a6db28ae-de27-11f0-8727-001a7dda7113','Sagiton is a BIM modeling company located in Poland. It offers BIM services to clients in Europe and focuses on digital construction.','BIM / Construction','[\"BIM Services\"]',NULL,_binary '\0\0\0\0\0\0\0aTR\' ˝S@ś˘#ąü—4@',0.00),('a6db549c-de27-11f0-8727-001a7dda7113','Bimpact Designs is a BIM outsourcing company that works with clients in Europe. It specializes in architectural, structural, and MEP BIM services and provides solutions for construction projects.','BIM / Construction','[\"BIM Services\"]',NULL,_binary '\0\0\0\0\0\0\0aTR\' ˝S@ś˘#ąü—4@',0.00),('a6db7d31-de27-11f0-8727-001a7dda7113','Innoviz Technologies','Geospatial / GIS','[\"Geospatial Services\"]',NULL,_binary '\0\0\0\0\0\0\0aTR\' ˝S@ś˘#ąü—4@',0.00),('a6dba3db-de27-11f0-8727-001a7dda7113','Quanergy','Geospatial / GIS','[\"Geospatial Services\"]',NULL,_binary '\0\0\0\0\0\0\0aTR\' ˝S@ś˘#ąü—4@',0.00),('a6dbc515-de27-11f0-8727-001a7dda7113','Velodyne','Geospatial / GIS','[\"Geospatial Services\"]',NULL,_binary '\0\0\0\0\0\0\0aTR\' ˝S@ś˘#ąü—4@',0.00),('a6dbf206-de27-11f0-8727-001a7dda7113','Cepton, Inc.','Geospatial / GIS','[\"Geospatial Services\"]',NULL,_binary '\0\0\0\0\0\0\0aTR\' ˝S@ś˘#ąü—4@',0.00),('a6dc310f-de27-11f0-8727-001a7dda7113','Hesai Technology','Geospatial / GIS','[\"Geospatial Services\"]',NULL,_binary '\0\0\0\0\0\0\0aTR\' ˝S@ś˘#ąü—4@',0.00),('a6dc60cb-de27-11f0-8727-001a7dda7113','Ouster','Geospatial / GIS','[\"Geospatial Services\"]',NULL,_binary '\0\0\0\0\0\0\0aTR\' ˝S@ś˘#ąü—4@',0.00),('a6dc852e-de27-11f0-8727-001a7dda7113','RoboSense','Geospatial / GIS','[\"Geospatial Services\"]',NULL,_binary '\0\0\0\0\0\0\0aTR\' ˝S@ś˘#ąü—4@',0.00),('a6dca664-de27-11f0-8727-001a7dda7113','Geosat','Geospatial / GIS','[\"Geospatial Services\"]',NULL,_binary '\0\0\0\0\0\0\0aTR\' ˝S@ś˘#ąü—4@',0.00);
/*!40000 ALTER TABLE `buyerprofile` ENABLE KEYS */;
UNLOCK TABLES;

--
-- Table structure for table `contract`
--

DROP TABLE IF EXISTS `contract`;
/*!40101 SET @saved_cs_client     = @@character_set_client */;
/*!50503 SET character_set_client = utf8mb4 */;
CREATE TABLE `contract` (
  `contract_id` char(36) NOT NULL DEFAULT (uuid()),
  `proposal_id` char(36) NOT NULL,
  `start_date` date NOT NULL,
  `end_date` date DEFAULT NULL,
  `status` enum('in_progress','completed','cancelled','disputed') NOT NULL DEFAULT 'in_progress',
  `completion_report` text,
  PRIMARY KEY (`contract_id`),
  UNIQUE KEY `proposal_id` (`proposal_id`),
  CONSTRAINT `contract_ibfk_1` FOREIGN KEY (`proposal_id`) REFERENCES `proposal` (`proposal_id`) ON DELETE RESTRICT ON UPDATE CASCADE
) ENGINE=InnoDB DEFAULT CHARSET=utf8mb4 COLLATE=utf8mb4_0900_ai_ci;
/*!40101 SET character_set_client = @saved_cs_client */;

--
-- Dumping data for table `contract`
--

LOCK TABLES `contract` WRITE;
/*!40000 ALTER TABLE `contract` DISABLE KEYS */;
/*!40000 ALTER TABLE `contract` ENABLE KEYS */;
UNLOCK TABLES;

--
-- Table structure for table `creditledger`
--

DROP TABLE IF EXISTS `creditledger`;
/*!40101 SET @saved_cs_client     = @@character_set_client */;
/*!50503 SET character_set_client = utf8mb4 */;
CREATE TABLE `creditledger` (
  `id` char(36) NOT NULL,
  `provider_id` char(36) DEFAULT NULL,
  `credits` int DEFAULT NULL,
  `type` enum('credit','debit') DEFAULT NULL,
  `reason` varchar(255) DEFAULT NULL,
  `created_at` timestamp NULL DEFAULT CURRENT_TIMESTAMP,
  PRIMARY KEY (`id`)
) ENGINE=InnoDB DEFAULT CHARSET=utf8mb4 COLLATE=utf8mb4_0900_ai_ci;
/*!40101 SET character_set_client = @saved_cs_client */;

--
-- Dumping data for table `creditledger`
--

LOCK TABLES `creditledger` WRITE;
/*!40000 ALTER TABLE `creditledger` DISABLE KEYS */;
/*!40000 ALTER TABLE `creditledger` ENABLE KEYS */;
UNLOCK TABLES;

--
-- Table structure for table `payment`
--

DROP TABLE IF EXISTS `payment`;
/*!40101 SET @saved_cs_client     = @@character_set_client */;
/*!50503 SET character_set_client = utf8mb4 */;
CREATE TABLE `payment` (
  `payment_id` char(36) NOT NULL DEFAULT (uuid()),
  `contract_id` char(36) NOT NULL,
  `amount` decimal(10,2) NOT NULL,
  `payment_status` enum('pending','paid','failed','refunded') NOT NULL DEFAULT 'pending',
  `transaction_date` datetime NOT NULL DEFAULT CURRENT_TIMESTAMP,
  PRIMARY KEY (`payment_id`),
  KEY `contract_id` (`contract_id`),
  CONSTRAINT `payment_ibfk_1` FOREIGN KEY (`contract_id`) REFERENCES `contract` (`contract_id`) ON DELETE RESTRICT ON UPDATE CASCADE
) ENGINE=InnoDB DEFAULT CHARSET=utf8mb4 COLLATE=utf8mb4_0900_ai_ci;
/*!40101 SET character_set_client = @saved_cs_client */;

--
-- Dumping data for table `payment`
--

LOCK TABLES `payment` WRITE;
/*!40000 ALTER TABLE `payment` DISABLE KEYS */;
/*!40000 ALTER TABLE `payment` ENABLE KEYS */;
UNLOCK TABLES;

--
-- Table structure for table `projectrequest`
--

DROP TABLE IF EXISTS `projectrequest`;
/*!40101 SET @saved_cs_client     = @@character_set_client */;
/*!50503 SET character_set_client = utf8mb4 */;
CREATE TABLE `projectrequest` (
  `project_id` char(36) NOT NULL DEFAULT (uuid()),
  `buyer_id` char(36) NOT NULL,
  `category_id` int unsigned NOT NULL,
  `title` varchar(255) NOT NULL,
  `description` text NOT NULL,
  `budget` decimal(10,2) DEFAULT NULL,
  `status` enum('open','in_review','contracted','closed') NOT NULL DEFAULT 'open',
  `embedding_vector` varbinary(256) DEFAULT NULL,
  `created_at` datetime NOT NULL DEFAULT CURRENT_TIMESTAMP,
  PRIMARY KEY (`project_id`),
  KEY `idx_project_buyer` (`buyer_id`),
  KEY `idx_project_category` (`category_id`),
  KEY `idx_project_status` (`status`),
  KEY `idx_project_created` (`created_at` DESC),
  FULLTEXT KEY `idx_project_search` (`title`,`description`),
  CONSTRAINT `projectrequest_ibfk_1` FOREIGN KEY (`buyer_id`) REFERENCES `buyerprofile` (`buyer_id`) ON DELETE CASCADE ON UPDATE CASCADE,
  CONSTRAINT `projectrequest_ibfk_2` FOREIGN KEY (`category_id`) REFERENCES `servicecategory` (`category_id`) ON DELETE RESTRICT ON UPDATE CASCADE
) ENGINE=InnoDB DEFAULT CHARSET=utf8mb4 COLLATE=utf8mb4_0900_ai_ci;
/*!40101 SET character_set_client = @saved_cs_client */;

--
-- Dumping data for table `projectrequest`
--

LOCK TABLES `projectrequest` WRITE;
/*!40000 ALTER TABLE `projectrequest` DISABLE KEYS */;
/*!40000 ALTER TABLE `projectrequest` ENABLE KEYS */;
UNLOCK TABLES;

--
-- Table structure for table `proposal`
--

DROP TABLE IF EXISTS `proposal`;
/*!40101 SET @saved_cs_client     = @@character_set_client */;
/*!50503 SET character_set_client = utf8mb4 */;
CREATE TABLE `proposal` (
  `proposal_id` char(36) NOT NULL,
  `project_id` char(36) NOT NULL,
  `provider_id` char(36) NOT NULL,
  `bid_amount` decimal(10,2) NOT NULL,
  `proposal_message` text NOT NULL,
  `status` enum('submitted','accepted','rejected','withdrawn') NOT NULL DEFAULT 'submitted',
  `credits_used` int DEFAULT '0',
  PRIMARY KEY (`proposal_id`),
  KEY `idx_proposal_project` (`project_id`),
  KEY `idx_proposal_provider` (`provider_id`),
  KEY `idx_proposal_status` (`status`),
  CONSTRAINT `proposal_ibfk_1` FOREIGN KEY (`project_id`) REFERENCES `projectrequest` (`project_id`) ON DELETE CASCADE ON UPDATE CASCADE,
  CONSTRAINT `proposal_ibfk_2` FOREIGN KEY (`provider_id`) REFERENCES `providerprofile` (`provider_id`) ON DELETE CASCADE ON UPDATE CASCADE
) ENGINE=InnoDB DEFAULT CHARSET=utf8mb4 COLLATE=utf8mb4_0900_ai_ci;
/*!40101 SET character_set_client = @saved_cs_client */;

--
-- Dumping data for table `proposal`
--

LOCK TABLES `proposal` WRITE;
/*!40000 ALTER TABLE `proposal` DISABLE KEYS */;
/*!40000 ALTER TABLE `proposal` ENABLE KEYS */;
UNLOCK TABLES;

--
-- Table structure for table `providerprofile`
--

DROP TABLE IF EXISTS `providerprofile`;
/*!40101 SET @saved_cs_client     = @@character_set_client */;
/*!50503 SET character_set_client = utf8mb4 */;
CREATE TABLE `providerprofile` (
  `provider_id` char(36) NOT NULL DEFAULT (uuid()),
  `organization_name` varchar(255) NOT NULL,
  `skills` json DEFAULT NULL,
  `experience_years` tinyint unsigned DEFAULT NULL,
  `portfolio_url` varchar(2048) DEFAULT NULL,
  `hourly_rate` decimal(10,2) NOT NULL,
  `location` point NOT NULL DEFAULT (point(0,0)),
  `rating` decimal(3,2) DEFAULT '0.00',
  `skills_search` text GENERATED ALWAYS AS (json_unquote(json_extract(`skills`,_cp850'$[*]'))) STORED,
  `subscription_status` enum('none','active','expired') DEFAULT 'none',
  PRIMARY KEY (`provider_id`),
  SPATIAL KEY `idx_provider_location` (`location`),
  FULLTEXT KEY `idx_provider_skills` (`skills_search`),
  CONSTRAINT `providerprofile_ibfk_1` FOREIGN KEY (`provider_id`) REFERENCES `user` (`user_id`) ON DELETE CASCADE ON UPDATE CASCADE
) ENGINE=InnoDB DEFAULT CHARSET=utf8mb4 COLLATE=utf8mb4_0900_ai_ci;
/*!40101 SET character_set_client = @saved_cs_client */;

--
-- Dumping data for table `providerprofile`
--

LOCK TABLES `providerprofile` WRITE;
/*!40000 ALTER TABLE `providerprofile` DISABLE KEYS */;
INSERT INTO `providerprofile` (`provider_id`, `organization_name`, `skills`, `experience_years`, `portfolio_url`, `hourly_rate`, `location`, `rating`, `subscription_status`) VALUES ('7e2b5874-ddc9-11f0-8727-001a7dda7113','Naksha Tech Private Limited','[\"GIS Mapping\", \"Geospatial Consulting\", \"LiDAR Processing\", \"Photogrammetry\", \"Remote Sensing\", \"Spatial Data Analysis\"]',15,'https://www.naksha-tech-private-limited.com',120.00,_binary '\0\0\0\0\0\0\0aTR\' ˝S@ś˘#ąü—4@',4.05,'none'),('7e33587c-ddc9-11f0-8727-001a7dda7113','Geokno India','[\"GIS Mapping\", \"Geospatial Consulting\", \"LiDAR Processing\", \"Photogrammetry\", \"Remote Sensing\", \"Spatial Data Analysis\"]',5,'https://www.geokno-india.com',90.00,_binary '\0\0\0\0\0\0\0aTR\' ˝S@ś˘#ąü—4@',3.75,'none'),('7e33820b-ddc9-11f0-8727-001a7dda7113','Aam Geo Spatial Tech PRIVATE LIMITED','[\"GIS Mapping\", \"Geospatial Consulting\", \"LiDAR Processing\", \"Photogrammetry\", \"Remote Sensing\", \"Spatial Data Analysis\", \"UAV Mapping\"]',6,'https://www.aam-geo-spatial-tech-private-limited.com',90.00,_binary '\0\0\0\0\0\0\0aTR\' ˝S@ś˘#ąü—4@',3.78,'none'),('7e33a7b4-ddc9-11f0-8727-001a7dda7113','ALAR Technologies','[\"GIS Mapping\", \"Geospatial Consulting\", \"LiDAR Processing\", \"Photogrammetry\", \"Remote Sensing\", \"Spatial Data Analysis\", \"Terrain Analysis\"]',9,'https://www.alar-technologies.com',90.00,_binary '\0\0\0\0\0\0\0aTR\' ˝S@ś˘#ąü—4@',3.87,'none'),('7e33ccc8-ddc9-11f0-8727-001a7dda7113','FOCUS GEOSPATIAL PRIVATE LIMITED','[\"GIS Mapping\", \"Geospatial Consulting\", \"LiDAR Processing\", \"Photogrammetry\", \"Remote Sensing\", \"Spatial Data Analysis\"]',5,'https://www.focus-geospatial-private-limited.com',90.00,_binary '\0\0\0\0\0\0\0aTR\' ˝S@ś˘#ąü—4@',3.75,'none'),('7e341d4f-ddc9-11f0-8727-001a7dda7113','GeoCentroid Pvt Ltd','[\"GIS Mapping\", \"Geospatial Consulting\", \"LiDAR Processing\", \"Photogrammetry\", \"Remote Sensing\", \"Spatial Data Analysis\", \"UAV Mapping\"]',7,'https://www.geocentroid-pvt-ltd.com',90.00,_binary '\0\0\0\0\0\0\0aTR\' ˝S@ś˘#ąü—4@',3.81,'none'),('7e34412d-ddc9-11f0-8727-001a7dda7113','Goodland Geospatial & Consultants Pvt Ltd','[\"BIM Integration\", \"GIS Mapping\", \"Geospatial Consulting\", \"LiDAR Processing\", \"Photogrammetry\", \"Remote Sensing\", \"Spatial Data Analysis\"]',10,'https://www.goodland-geospatial-consultants-pvt-ltd.com',120.00,_binary '\0\0\0\0\0\0\0aTR\' ˝S@ś˘#ąü—4@',3.90,'none'),('7e34647a-ddc9-11f0-8727-001a7dda7113','Mappa Consulting Engineers','[\"GIS Mapping\", \"Geospatial Consulting\", \"LiDAR Processing\", \"Photogrammetry\", \"Remote Sensing\", \"Spatial Data Analysis\", \"Terrain Analysis\"]',15,'https://www.mappa-consulting-engineers.com',120.00,_binary '\0\0\0\0\0\0\0aTR\' ˝S@ś˘#ąü—4@',4.05,'none'),('7e348867-ddc9-11f0-8727-001a7dda7113','Matrix Geo Solution Ltd.','[\"GIS Mapping\", \"Geospatial Consulting\", \"LiDAR Processing\", \"Photogrammetry\", \"Remote Sensing\", \"Spatial Data Analysis\"]',9,'https://www.matrix-geo-solution-ltd.com',90.00,_binary '\0\0\0\0\0\0\0aTR\' ˝S@ś˘#ąü—4@',3.87,'none'),('7e34ae0e-ddc9-11f0-8727-001a7dda7113','Lidar Tech Pvt Ltd','[\"GIS Mapping\", \"Geospatial Consulting\", \"LiDAR Classification\", \"LiDAR Processing\", \"Photogrammetry\", \"Remote Sensing\", \"Spatial Data Analysis\", \"UAV Mapping\"]',11,'https://www.lidar-tech-pvt-ltd.com',120.00,_binary '\0\0\0\0\0\0\0aTR\' ˝S@ś˘#ąü—4@',3.93,'none'),('7e34d940-ddc9-11f0-8727-001a7dda7113','Genesys International Corporation limited','[\"GIS Mapping\", \"Geospatial Consulting\", \"LiDAR Processing\", \"Photogrammetry\", \"Remote Sensing\", \"Spatial Data Analysis\"]',26,'https://www.genesys-international-corporation-limited.com',150.00,_binary '\0\0\0\0\0\0\0aTR\' ˝S@ś˘#ąü—4@',4.38,'none'),('7e351e3a-ddc9-11f0-8727-001a7dda7113','Marvel Geospatial Solutions Pvt Ltd','[\"BIM Integration\", \"GIS Mapping\", \"Geospatial Consulting\", \"LiDAR Processing\", \"Photogrammetry\", \"Remote Sensing\", \"Spatial Data Analysis\"]',5,'https://www.marvel-geospatial-solutions-pvt-ltd.com',90.00,_binary '\0\0\0\0\0\0\0aTR\' ˝S@ś˘#ąü—4@',3.75,'none'),('7e354bc0-ddc9-11f0-8727-001a7dda7113','BPC Consultant India Pvt. Ltd.','[\"3D City Modeling\", \"GIS Mapping\", \"Geospatial Consulting\", \"LiDAR Processing\", \"Photogrammetry\", \"Remote Sensing\", \"Spatial Data Analysis\"]',13,'https://www.bpc-consultant-india-pvt-ltd.com',120.00,_binary '\0\0\0\0\0\0\0aTR\' ˝S@ś˘#ąü—4@',3.99,'none'),('7e357865-ddc9-11f0-8727-001a7dda7113','Airpix','[\"GIS Mapping\", \"Geospatial Consulting\", \"LiDAR Processing\", \"Photogrammetry\", \"Remote Sensing\", \"Spatial Data Analysis\"]',13,'https://www.airpix.com',120.00,_binary '\0\0\0\0\0\0\0aTR\' ˝S@ś˘#ąü—4@',3.99,'none'),('7e359a1b-ddc9-11f0-8727-001a7dda7113','SISL, India','[\"GIS Mapping\", \"Geospatial Consulting\", \"LiDAR Processing\", \"Photogrammetry\", \"Remote Sensing\", \"Spatial Data Analysis\"]',15,'https://www.sisl-india.com',120.00,_binary '\0\0\0\0\0\0\0aTR\' ˝S@ś˘#ąü—4@',4.05,'none'),('7e35bbb2-ddc9-11f0-8727-001a7dda7113','GeoVista Technologies Private Limited','[\"GIS Mapping\", \"Geospatial Consulting\", \"LiDAR Processing\", \"Photogrammetry\", \"Remote Sensing\", \"Spatial Data Analysis\"]',14,'https://www.geovista-technologies-private-limited.com',120.00,_binary '\0\0\0\0\0\0\0aTR\' ˝S@ś˘#ąü—4@',4.02,'none'),('7e35dcc4-ddc9-11f0-8727-001a7dda7113','NeoGeoInfo Technologies Pvt Ltd','[\"GIS Mapping\", \"Geospatial Consulting\", \"LiDAR Processing\", \"Photogrammetry\", \"Remote Sensing\", \"Spatial Data Analysis\"]',5,'https://www.neogeoinfo-technologies-pvt-ltd.com',90.00,_binary '\0\0\0\0\0\0\0aTR\' ˝S@ś˘#ąü—4@',3.75,'none'),('7e35fe43-ddc9-11f0-8727-001a7dda7113','Lidar Engineering and Infrastructure Pvt Ltd','[\"GIS Mapping\", \"Geospatial Consulting\", \"LiDAR Classification\", \"LiDAR Processing\", \"Photogrammetry\", \"Remote Sensing\", \"Spatial Data Analysis\", \"UAV Mapping\"]',15,'https://www.lidar-engineering-and-infrastructure-pvt-ltd.com',120.00,_binary '\0\0\0\0\0\0\0aTR\' ˝S@ś˘#ąü—4@',4.05,'none'),('7e361ecf-ddc9-11f0-8727-001a7dda7113','Data Labs India Solutions Pvt Ltd','[\"GIS Mapping\", \"Geospatial Consulting\", \"LiDAR Processing\", \"Photogrammetry\", \"Remote Sensing\", \"Spatial Data Analysis\"]',13,'https://www.data-labs-india-solutions-pvt-ltd.com',120.00,_binary '\0\0\0\0\0\0\0aTR\' ˝S@ś˘#ąü—4@',3.99,'none'),('7e363f68-ddc9-11f0-8727-001a7dda7113','Land Coordinates Technology (Lctss.in)','[\"GIS Mapping\", \"Geospatial Consulting\", \"LiDAR Processing\", \"Photogrammetry\", \"Remote Sensing\", \"Spatial Data Analysis\"]',8,'https://www.land-coordinates-technology-lctss-in.com',90.00,_binary '\0\0\0\0\0\0\0Ą˝Á&źS@\Ă\ő(\\Źb1@',3.78,'none'),('7e36604b-ddc9-11f0-8727-001a7dda7113','RightData Labs Pvt Ltd','[\"Digital Elevation Models\", \"GIS Mapping\", \"Geospatial Consulting\", \"LiDAR Processing\", \"Photogrammetry\", \"Remote Sensing\", \"Spatial Data Analysis\"]',9,'https://www.rightdata-labs-pvt-ltd.com',90.00,_binary '\0\0\0\0\0\0\0aTR\' ˝S@ś˘#ąü—4@',3.87,'none'),('7e3684a5-ddc9-11f0-8727-001a7dda7113','LeadSquared','[\"GIS Mapping\", \"Geospatial Consulting\", \"LiDAR Processing\", \"Photogrammetry\", \"Remote Sensing\", \"Spatial Data Analysis\", \"UAV Mapping\"]',6,'https://www.leadsquared.com',90.00,_binary '\0\0\0\0\0\0\0aTR\' ˝S@ś˘#ąü—4@',3.78,'none'),('7e36a411-ddc9-11f0-8727-001a7dda7113','iSpatial Techno Solutions Pvt Ltd','[\"GIS Mapping\", \"Geospatial Consulting\", \"LiDAR Processing\", \"Photogrammetry\", \"Remote Sensing\", \"Spatial Data Analysis\"]',8,'https://www.ispatial-techno-solutions-pvt-ltd.com',90.00,_binary '\0\0\0\0\0\0\0aTR\' ˝S@ś˘#ąü—4@',3.84,'none'),('7e36c538-ddc9-11f0-8727-001a7dda7113','Datarise Solutions','[\"GIS Mapping\", \"Geospatial Consulting\", \"LiDAR Processing\", \"Photogrammetry\", \"Remote Sensing\", \"Spatial Data Analysis\"]',7,'https://www.datarise-solutions.com',90.00,_binary '\0\0\0\0\0\0\0aTR\' ˝S@ś˘#ąü—4@',3.81,'none'),('7e36e561-ddc9-11f0-8727-001a7dda7113','LumenData Solutions India Pvt Ltd','[\"GIS Mapping\", \"Geospatial Consulting\", \"LiDAR Processing\", \"Photogrammetry\", \"Remote Sensing\", \"Spatial Data Analysis\", \"UAV Mapping\"]',5,'https://www.lumendata-solutions-india-pvt-ltd.com',90.00,_binary '\0\0\0\0\0\0\0aTR\' ˝S@ś˘#ąü—4@',3.75,'none'),('7e3706bc-ddc9-11f0-8727-001a7dda7113','Atom Aviation Services Pvt Ltd.','[\"GIS Mapping\", \"Geospatial Consulting\", \"LiDAR Processing\", \"Photogrammetry\", \"Remote Sensing\", \"Spatial Data Analysis\"]',7,'https://www.atom-aviation-services-pvt-ltd.com',90.00,_binary '\0\0\0\0\0\0\0aTR\' ˝S@ś˘#ąü—4@',3.81,'none'),('7e372884-ddc9-11f0-8727-001a7dda7113','3D Pointshot','[\"3D Modeling\", \"BIM Integration\", \"GIS Mapping\", \"Geospatial Consulting\", \"LiDAR Processing\", \"Photogrammetry\", \"Remote Sensing\", \"Spatial Data Analysis\"]',12,'https://www.3d-pointshot.com',120.00,_binary '\0\0\0\0\0\0\0aTR\' ˝S@ś˘#ąü—4@',3.96,'none'),('7e385d29-ddc9-11f0-8727-001a7dda7113','Infogeo','[\"GIS Mapping\", \"Geospatial Consulting\", \"LiDAR Processing\", \"Photogrammetry\", \"Remote Sensing\", \"Spatial Data Analysis\"]',10,'https://www.infogeo.com',120.00,_binary '\0\0\0\0\0\0\0\çŚ(\í\rfS@S–!Žu\ń)@',3.96,'none'),('7e396228-ddc9-11f0-8727-001a7dda7113','Robomania India Private Limited','[\"GIS Mapping\", \"Geospatial Consulting\", \"LiDAR Processing\", \"Photogrammetry\", \"Remote Sensing\", \"Spatial Data Analysis\"]',7,'https://www.robomania-india-private-limited.com',90.00,_binary '\0\0\0\0\0\0\0aTR\' ˝S@ś˘#ąü—4@',3.81,'none'),('7e398a41-ddc9-11f0-8727-001a7dda7113','Trigeo Technologies','[\"GIS Mapping\", \"Geospatial Consulting\", \"LiDAR Processing\", \"Photogrammetry\", \"Remote Sensing\", \"Spatial Data Analysis\"]',10,'https://www.trigeo-technologies.com',120.00,_binary '\0\0\0\0\0\0\0aTR\' ˝S@ś˘#ąü—4@',3.90,'none'),('7e39acd5-ddc9-11f0-8727-001a7dda7113','Vivid Geospatial','[\"GIS Mapping\", \"Geospatial Consulting\", \"LiDAR Processing\", \"Photogrammetry\", \"Remote Sensing\", \"Satellite Image Processing\", \"Spatial Data Analysis\"]',12,'https://www.vivid-geospatial.com',120.00,_binary '\0\0\0\0\0\0\0aTR\' ˝S@ś˘#ąü—4@',3.96,'none'),('7e39eaab-ddc9-11f0-8727-001a7dda7113','Ceinsys Tech','[\"GIS Mapping\", \"Geospatial Consulting\", \"LiDAR Processing\", \"Photogrammetry\", \"Remote Sensing\", \"Satellite Image Processing\", \"Spatial Data Analysis\"]',5,'https://www.ceinsys-tech.com',90.00,_binary '\0\0\0\0\0\0\0aTR\' ˝S@ś˘#ąü—4@',3.75,'none'),('7e3a0948-ddc9-11f0-8727-001a7dda7113','Avakaza Geo-Science Research Technologies','[\"GIS Mapping\", \"Geospatial Consulting\", \"LiDAR Processing\", \"Photogrammetry\", \"Remote Sensing\", \"Spatial Data Analysis\"]',11,'https://www.avakaza-geo-science-research-technologies.com',120.00,_binary '\0\0\0\0\0\0\0aTR\' ˝S@ś˘#ąü—4@',3.93,'none'),('7e3a2715-ddc9-11f0-8727-001a7dda7113','Geo Adithya Technologies','[\"GIS Mapping\", \"Geospatial Consulting\", \"LiDAR Processing\", \"Photogrammetry\", \"Remote Sensing\", \"Spatial Data Analysis\"]',6,'https://www.geo-adithya-technologies.com',90.00,_binary '\0\0\0\0\0\0\0aTR\' ˝S@ś˘#ąü—4@',3.78,'none'),('7e3b9f9f-ddc9-11f0-8727-001a7dda7113','Geopage Consultants','[\"GIS Mapping\", \"Geospatial Consulting\", \"LiDAR Processing\", \"Photogrammetry\", \"Remote Sensing\", \"Spatial Data Analysis\"]',14,'https://www.geopage-consultants.com',120.00,_binary '\0\0\0\0\0\0\0aTR\' ˝S@ś˘#ąü—4@',4.02,'none'),('7e3bc3e6-ddc9-11f0-8727-001a7dda7113','Lepton Software','[\"GIS Mapping\", \"Geospatial Consulting\", \"LiDAR Processing\", \"Photogrammetry\", \"Remote Sensing\", \"Spatial Data Analysis\"]',8,'https://www.lepton-software.com',90.00,_binary '\0\0\0\0\0\0\0aTR\' ˝S@ś˘#ąü—4@',3.84,'none'),('7e3be8b4-ddc9-11f0-8727-001a7dda7113','Ansimap Technologies','[\"GIS Mapping\", \"Geospatial Consulting\", \"LiDAR Processing\", \"Photogrammetry\", \"Remote Sensing\", \"Spatial Data Analysis\"]',12,'https://www.ansimap-technologies.com',120.00,_binary '\0\0\0\0\0\0\0aTR\' ˝S@ś˘#ąü—4@',3.96,'none'),('7e3c0d7e-ddc9-11f0-8727-001a7dda7113','Production Modeling India Private Limited','[\"3D City Modeling\", \"GIS Mapping\", \"Geospatial Consulting\", \"LiDAR Processing\", \"Photogrammetry\", \"Remote Sensing\", \"Spatial Data Analysis\"]',8,'https://www.production-modeling-india-private-limited.com',90.00,_binary '\0\0\0\0\0\0\0aTR\' ˝S@ś˘#ąü—4@',3.84,'none'),('7e3c33ae-ddc9-11f0-8727-001a7dda7113','ORBX Technologies Private Limited','[\"GIS Mapping\", \"Geospatial Consulting\", \"LiDAR Processing\", \"Photogrammetry\", \"Remote Sensing\", \"Spatial Data Analysis\", \"UAV Mapping\"]',14,'https://www.orbx-technologies-private-limited.com',120.00,_binary '\0\0\0\0\0\0\0aTR\' ˝S@ś˘#ąü—4@',4.02,'none'),('7e3c5661-ddc9-11f0-8727-001a7dda7113','MapVista','[\"GIS Mapping\", \"Geospatial Consulting\", \"LiDAR Processing\", \"Photogrammetry\", \"Remote Sensing\", \"Spatial Data Analysis\"]',11,'https://www.mapvista.com',120.00,_binary '\0\0\0\0\0\0\0aTR\' ˝S@ś˘#ąü—4@',3.93,'none'),('7e3d0b1f-ddc9-11f0-8727-001a7dda7113','Mirai Aerospace Systems','[\"GIS Mapping\", \"Geospatial Consulting\", \"LiDAR Classification\", \"LiDAR Processing\", \"Photogrammetry\", \"Remote Sensing\", \"Spatial Data Analysis\", \"UAV Mapping\"]',13,'https://www.mirai-aerospace-systems.com',120.00,_binary '\0\0\0\0\0\0\0aTR\' ˝S@ś˘#ąü—4@',3.99,'none'),('7e3d3017-ddc9-11f0-8727-001a7dda7113','AUS-Aarav Unmanned Systems','[\"3D City Modeling\", \"GIS Mapping\", \"Geospatial Consulting\", \"LiDAR Processing\", \"Photogrammetry\", \"Remote Sensing\", \"Spatial Data Analysis\"]',8,'https://www.aus-aarav-unmanned-systems.com',90.00,_binary '\0\0\0\0\0\0\0aTR\' ˝S@ś˘#ąü—4@',3.84,'none'),('7e3d5095-ddc9-11f0-8727-001a7dda7113','KGLOBE SOFTTECH INDIA','[\"3D City Modeling\", \"GIS Mapping\", \"Geospatial Consulting\", \"LiDAR Processing\", \"Photogrammetry\", \"Remote Sensing\", \"Spatial Data Analysis\"]',13,'https://www.kglobe-softtech-india.com',120.00,_binary '\0\0\0\0\0\0\0aTR\' ˝S@ś˘#ąü—4@',3.99,'none'),('7e3d70d1-ddc9-11f0-8727-001a7dda7113','Pixel Vision','[\"BIM Integration\", \"GIS Mapping\", \"Geospatial Consulting\", \"LiDAR Processing\", \"Photogrammetry\", \"Remote Sensing\", \"Spatial Data Analysis\"]',13,'https://www.pixel-vision.com',120.00,_binary '\0\0\0\0\0\0\0Ą˝Á&źS@\Ă\ő(\\Źb1@',3.99,'none'),('7e3d907e-ddc9-11f0-8727-001a7dda7113','HDSENSE','[\"GIS Mapping\", \"Geospatial Consulting\", \"LiDAR Processing\", \"Photogrammetry\", \"Remote Sensing\", \"Spatial Data Analysis\"]',10,'https://www.hdsense.com',120.00,_binary '\0\0\0\0\0\0\0aTR\' ˝S@ś˘#ąü—4@',3.90,'none'),('7e3daf61-ddc9-11f0-8727-001a7dda7113','Eastern Aero Carto','[\"GIS Mapping\", \"Geospatial Consulting\", \"LiDAR Classification\", \"LiDAR Processing\", \"Photogrammetry\", \"Remote Sensing\", \"Spatial Data Analysis\", \"UAV Mapping\"]',5,'https://www.eastern-aero-carto.com',90.00,_binary '\0\0\0\0\0\0\0aTR\' ˝S@ś˘#ąü—4@',3.75,'none'),('7e3dcef8-ddc9-11f0-8727-001a7dda7113','Deduce Technologies','[\"GIS Mapping\", \"Geospatial Consulting\", \"LiDAR Processing\", \"Photogrammetry\", \"Remote Sensing\", \"Spatial Data Analysis\", \"Terrain Analysis\"]',9,'https://www.deduce-technologies.com',90.00,_binary '\0\0\0\0\0\0\0aTR\' ˝S@ś˘#ąü—4@',3.87,'none'),('7e3dee5f-ddc9-11f0-8727-001a7dda7113','Arya Geospatial','[\"GIS Mapping\", \"Geospatial Consulting\", \"LiDAR Processing\", \"Photogrammetry\", \"Remote Sensing\", \"Spatial Data Analysis\"]',13,'https://www.arya-geospatial.com',120.00,_binary '\0\0\0\0\0\0\0aTR\' ˝S@ś˘#ąü—4@',3.96,'none'),('7e3e0dc1-ddc9-11f0-8727-001a7dda7113','EDGE 3D Technologies','[\"3D Modeling\", \"BIM Integration\", \"GIS Mapping\", \"Geospatial Consulting\", \"LiDAR Processing\", \"Photogrammetry\", \"Remote Sensing\", \"Spatial Data Analysis\"]',6,'https://www.edge-3d-technologies.com',90.00,_binary '\0\0\0\0\0\0\0aTR\' ˝S@ś˘#ąü—4@',3.78,'none'),('7e3e2e3f-ddc9-11f0-8727-001a7dda7113','Asteria Aerospace','[\"BIM Integration\", \"GIS Mapping\", \"Geospatial Consulting\", \"LiDAR Classification\", \"LiDAR Processing\", \"Photogrammetry\", \"Remote Sensing\", \"Spatial Data Analysis\", \"UAV Mapping\"]',11,'https://www.asteria-aerospace.com',120.00,_binary '\0\0\0\0\0\0\0aTR\' ˝S@ś˘#ąü—4@',3.93,'none'),('7e3e4e3c-ddc9-11f0-8727-001a7dda7113','PepperTree.AI','[\"3D City Modeling\", \"GIS Mapping\", \"Geospatial Consulting\", \"LiDAR Processing\", \"Photogrammetry\", \"Remote Sensing\", \"Spatial Data Analysis\"]',7,'https://www.peppertree-ai.com',90.00,_binary '\0\0\0\0\0\0\0aTR\' ˝S@ś˘#ąü—4@',3.81,'none'),('7e3e93db-ddc9-11f0-8727-001a7dda7113','JKR Consulting','[\"3D City Modeling\", \"GIS Mapping\", \"Geospatial Consulting\", \"LiDAR Processing\", \"Photogrammetry\", \"Remote Sensing\", \"Spatial Data Analysis\"]',9,'https://www.jkr-consulting.com',90.00,_binary '\0\0\0\0\0\0\0aTR\' ˝S@ś˘#ąü—4@',3.87,'none'),('7e3eb46e-ddc9-11f0-8727-001a7dda7113','Heliware','[\"GIS Mapping\", \"Geospatial Consulting\", \"LiDAR Processing\", \"Photogrammetry\", \"Remote Sensing\", \"Spatial Data Analysis\"]',5,'https://www.heliware.com',90.00,_binary '\0\0\0\0\0\0\0aTR\' ˝S@ś˘#ąü—4@',3.75,'none'),('7e3ed474-ddc9-11f0-8727-001a7dda7113','GIS Consortium India Pvt Ltd','[\"3D City Modeling\", \"GIS Mapping\", \"Geospatial Consulting\", \"LiDAR Processing\", \"Photogrammetry\", \"Remote Sensing\", \"Spatial Data Analysis\"]',12,'https://www.gis-consortium-india-pvt-ltd.com',120.00,_binary '\0\0\0\0\0\0\0aTR\' ˝S@ś˘#ąü—4@',3.96,'none'),('7e3ef46f-ddc9-11f0-8727-001a7dda7113','RSI Softech','[\"GIS Mapping\", \"Geospatial Consulting\", \"LiDAR Processing\", \"Photogrammetry\", \"Remote Sensing\", \"Spatial Data Analysis\"]',10,'https://www.rsi-softech.com',120.00,_binary '\0\0\0\0\0\0\0aTR\' ˝S@ś˘#ąü—4@',3.90,'none'),('7e3f17aa-ddc9-11f0-8727-001a7dda7113','Coordinate Systems LLP','[\"Digital Elevation Models\", \"GIS Mapping\", \"Geospatial Consulting\", \"LiDAR Processing\", \"Photogrammetry\", \"Remote Sensing\", \"Spatial Data Analysis\"]',12,'https://www.coordinate-systems-llp.com',120.00,_binary '\0\0\0\0\0\0\0aTR\' ˝S@ś˘#ąü—4@',3.96,'none'),('7e3f3b1a-ddc9-11f0-8727-001a7dda7113','Aerodyne India','[\"GIS Mapping\", \"Geospatial Consulting\", \"LiDAR Classification\", \"LiDAR Processing\", \"Photogrammetry\", \"Remote Sensing\", \"Spatial Data Analysis\", \"Terrain Analysis\", \"UAV Mapping\"]',12,'https://www.aerodyne-india.com',120.00,_binary '\0\0\0\0\0\0\0aTR\' ˝S@ś˘#ąü—4@',3.96,'none'),('7e3f5b8c-ddc9-11f0-8727-001a7dda7113','Terrageo Technologies','[\"3D City Modeling\", \"GIS Mapping\", \"Geospatial Consulting\", \"LiDAR Processing\", \"Photogrammetry\", \"Remote Sensing\", \"Spatial Data Analysis\"]',15,'https://www.terrageo-technologies.com',120.00,_binary '\0\0\0\0\0\0\0aTR\' ˝S@ś˘#ąü—4@',4.05,'none'),('7e3f80e6-ddc9-11f0-8727-001a7dda7113','Mappatura Geospatial','[\"Digital Elevation Models\", \"GIS Mapping\", \"Geospatial Consulting\", \"LiDAR Processing\", \"Photogrammetry\", \"Remote Sensing\", \"Spatial Data Analysis\"]',9,'https://www.mappatura-geospatial.com',90.00,_binary '\0\0\0\0\0\0\0aTR\' ˝S@ś˘#ąü—4@',3.87,'none'),('7e3fa469-ddc9-11f0-8727-001a7dda7113','Techmapperz','[\"Digital Elevation Models\", \"GIS Mapping\", \"Geospatial Consulting\", \"LiDAR Processing\", \"Photogrammetry\", \"Remote Sensing\", \"Spatial Data Analysis\"]',14,'https://www.techmapperz.com',120.00,_binary '\0\0\0\0\0\0\0aTR\' ˝S@ś˘#ąü—4@',4.02,'none'),('7e3fcdb6-ddc9-11f0-8727-001a7dda7113','Senseimage Technologies','[\"Digital Elevation Models\", \"GIS Mapping\", \"Geospatial Consulting\", \"LiDAR Processing\", \"Photogrammetry\", \"Remote Sensing\", \"Spatial Data Analysis\"]',9,'https://www.senseimage-technologies.com',90.00,_binary '\0\0\0\0\0\0\0aTR\' ˝S@ś˘#ąü—4@',3.87,'none'),('7e3ff1ce-ddc9-11f0-8727-001a7dda7113','Yellow SKYE','[\"GIS Mapping\", \"Geospatial Consulting\", \"LiDAR Processing\", \"Photogrammetry\", \"Remote Sensing\", \"Spatial Data Analysis\", \"UAV Mapping\"]',8,'https://www.yellow-skye.com',90.00,_binary '\0\0\0\0\0\0\0aTR\' ˝S@ś˘#ąü—4@',3.84,'none'),('7e401260-ddc9-11f0-8727-001a7dda7113','TreisTek','[\"GIS Mapping\", \"Geospatial Consulting\", \"LiDAR Processing\", \"Photogrammetry\", \"Remote Sensing\", \"Spatial Data Analysis\", \"Terrain Analysis\"]',12,'https://www.treistek.com',120.00,_binary '\0\0\0\0\0\0\0aTR\' ˝S@ś˘#ąü—4@',3.96,'none'),('7e403323-ddc9-11f0-8727-001a7dda7113','Earth On Mapping Consulting','[\"Digital Elevation Models\", \"GIS Mapping\", \"Geospatial Consulting\", \"LiDAR Processing\", \"Photogrammetry\", \"Remote Sensing\", \"Spatial Data Analysis\"]',6,'https://www.earth-on-mapping-consulting.com',90.00,_binary '\0\0\0\0\0\0\0aTR\' ˝S@ś˘#ąü—4@',3.78,'none'),('7e40539a-ddc9-11f0-8727-001a7dda7113','Lucid Imaging Pvt Ltd','[\"GIS Mapping\", \"Geospatial Consulting\", \"LiDAR Processing\", \"Photogrammetry\", \"Remote Sensing\", \"Spatial Data Analysis\", \"UAV Mapping\"]',14,'https://www.lucid-imaging-pvt-ltd.com',90.00,_binary '\0\0\0\0\0\0\0aTR\' ˝S@ś˘#ąü—4@',3.81,'none'),('7e407460-ddc9-11f0-8727-001a7dda7113','Globe View Technologies','[\"GIS Mapping\", \"Geospatial Consulting\", \"LiDAR Processing\", \"Photogrammetry\", \"Remote Sensing\", \"Spatial Data Analysis\"]',11,'https://www.globe-view-technologies.com',120.00,_binary '\0\0\0\0\0\0\0aTR\' ˝S@ś˘#ąü—4@',3.93,'none'),('7e4093ad-ddc9-11f0-8727-001a7dda7113','Larix Technologies','[\"GIS Mapping\", \"Geospatial Consulting\", \"LiDAR Processing\", \"Photogrammetry\", \"Remote Sensing\", \"Spatial Data Analysis\", \"UAV Mapping\"]',6,'https://www.larix-technologies.com',90.00,_binary '\0\0\0\0\0\0\0aTR\' ˝S@ś˘#ąü—4@',3.78,'none'),('7e40b30f-ddc9-11f0-8727-001a7dda7113','Ladera Technology','[\"GIS Mapping\", \"Geospatial Consulting\", \"LiDAR Processing\", \"Photogrammetry\", \"Remote Sensing\", \"Spatial Data Analysis\"]',13,'https://www.ladera-technology.com',120.00,_binary '\0\0\0\0\0\0\0aTR\' ˝S@ś˘#ąü—4@',3.99,'none'),('7e40d214-ddc9-11f0-8727-001a7dda7113','VMAPStech India','[\"GIS Mapping\", \"Geospatial Consulting\", \"LiDAR Processing\", \"Photogrammetry\", \"Remote Sensing\", \"Spatial Data Analysis\"]',5,'https://www.vmapstech-india.com',90.00,_binary '\0\0\0\0\0\0\0aTR\' ˝S@ś˘#ąü—4@',3.75,'none'),('7e40f100-ddc9-11f0-8727-001a7dda7113','GeovertX','[\"GIS Mapping\", \"Geospatial Consulting\", \"LiDAR Processing\", \"Photogrammetry\", \"Remote Sensing\", \"Spatial Data Analysis\"]',6,'https://www.geovertx.com',90.00,_binary '\0\0\0\0\0\0\0aTR\' ˝S@ś˘#ąü—4@',3.84,'none'),('7e41101f-ddc9-11f0-8727-001a7dda7113','LGEOM','[\"BIM Integration\", \"GIS Mapping\", \"Geospatial Consulting\", \"LiDAR Processing\", \"Photogrammetry\", \"Remote Sensing\", \"Spatial Data Analysis\"]',10,'https://www.lgeom.com',120.00,_binary '\0\0\0\0\0\0\0aTR\' ˝S@ś˘#ąü—4@',3.90,'none'),('7e412fa1-ddc9-11f0-8727-001a7dda7113','Latlon Technologies','[\"GIS Mapping\", \"Geospatial Consulting\", \"LiDAR Processing\", \"Photogrammetry\", \"Remote Sensing\", \"Spatial Data Analysis\"]',8,'https://www.latlon-technologies.com',90.00,_binary '\0\0\0\0\0\0\0aTR\' ˝S@ś˘#ąü—4@',3.84,'none'),('7e414e8d-ddc9-11f0-8727-001a7dda7113','Wildplant Terrestrial Solutions','[\"GIS Mapping\", \"Geospatial Consulting\", \"LiDAR Processing\", \"Photogrammetry\", \"Remote Sensing\", \"Spatial Data Analysis\"]',6,'https://www.wildplant-terrestrial-solutions.com',90.00,_binary '\0\0\0\0\0\0\0aTR\' ˝S@ś˘#ąü—4@',3.78,'none'),('7e416da2-ddc9-11f0-8727-001a7dda7113','Flybi Technologies','[\"GIS Mapping\", \"Geospatial Consulting\", \"LiDAR Processing\", \"Photogrammetry\", \"Remote Sensing\", \"Satellite Image Processing\", \"Spatial Data Analysis\"]',15,'https://www.flybi-technologies.com',120.00,_binary '\0\0\0\0\0\0\0aTR\' ˝S@ś˘#ąü—4@',4.05,'none'),('7e418cc6-ddc9-11f0-8727-001a7dda7113','Leons Digital Technologies','[\"GIS Mapping\", \"Geospatial Consulting\", \"LiDAR Processing\", \"Photogrammetry\", \"Remote Sensing\", \"Spatial Data Analysis\"]',10,'https://www.leons-digital-technologies.com',120.00,_binary '\0\0\0\0\0\0\0aTR\' ˝S@ś˘#ąü—4@',3.90,'none'),('7e41ac04-ddc9-11f0-8727-001a7dda7113','DroneAcharya Aerial Innovations','[\"GIS Mapping\", \"Geospatial Consulting\", \"LiDAR Classification\", \"LiDAR Processing\", \"Photogrammetry\", \"Remote Sensing\", \"Spatial Data Analysis\", \"UAV Mapping\"]',14,'https://www.droneacharya-aerial-innovations.com',120.00,_binary '\0\0\0\0\0\0\0aTR\' ˝S@ś˘#ąü—4@',4.02,'none'),('7e41cb4d-ddc9-11f0-8727-001a7dda7113','Aston BIM Creations','[\"3D Modeling\", \"BIM Integration\", \"GIS Mapping\", \"Geospatial Consulting\", \"LiDAR Processing\", \"Photogrammetry\", \"Remote Sensing\", \"Spatial Data Analysis\"]',5,'https://www.aston-bim-creations.com',90.00,_binary '\0\0\0\0\0\0\0\íž<,\ÔvR@ˇ\Ö4\ď8…2@',3.81,'none'),('7e41ea58-ddc9-11f0-8727-001a7dda7113','Shayona Management Services','[\"GIS Mapping\", \"Geospatial Consulting\", \"LiDAR Processing\", \"Photogrammetry\", \"Remote Sensing\", \"Spatial Data Analysis\", \"Terrain Analysis\"]',7,'https://www.shayona-management-services.com',90.00,_binary '\0\0\0\0\0\0\0aTR\' ˝S@ś˘#ąü—4@',3.81,'none'),('7e42098b-ddc9-11f0-8727-001a7dda7113','Dronitech','[\"GIS Mapping\", \"Geospatial Consulting\", \"LiDAR Processing\", \"Photogrammetry\", \"Remote Sensing\", \"Satellite Image Processing\", \"Spatial Data Analysis\"]',12,'https://www.dronitech.com',120.00,_binary '\0\0\0\0\0\0\0aTR\' ˝S@ś˘#ąü—4@',3.96,'none'),('7e422bf6-ddc9-11f0-8727-001a7dda7113','Lares Global Limited','[\"Digital Elevation Models\", \"GIS Mapping\", \"Geospatial Consulting\", \"LiDAR Processing\", \"Photogrammetry\", \"Remote Sensing\", \"Spatial Data Analysis\"]',24,'https://www.lares-global-limited.com',150.00,_binary '\0\0\0\0\0\0\0aTR\' ˝S@ś˘#ąü—4@',4.32,'none'),('7e424bd1-ddc9-11f0-8727-001a7dda7113','Raynas Infra and Geometics','[\"GIS Mapping\", \"Geospatial Consulting\", \"LiDAR Processing\", \"Photogrammetry\", \"Remote Sensing\", \"Spatial Data Analysis\"]',10,'https://www.raynas-infra-and-geometics.com',120.00,_binary '\0\0\0\0\0\0\0aTR\' ˝S@ś˘#ąü—4@',3.90,'none'),('7e427083-ddc9-11f0-8727-001a7dda7113','LRS Services','[\"GIS Mapping\", \"Geospatial Consulting\", \"LiDAR Processing\", \"Photogrammetry\", \"Remote Sensing\", \"Satellite Image Processing\", \"Spatial Data Analysis\"]',5,'https://www.lrs-services.com',90.00,_binary '\0\0\0\0\0\0\0L7‰A`MS@°\çŚ(ť<@',3.75,'none'),('7e428fd1-ddc9-11f0-8727-001a7dda7113','LDS Engineers','[\"GIS Mapping\", \"Geospatial Consulting\", \"LiDAR Processing\", \"Photogrammetry\", \"Remote Sensing\", \"Spatial Data Analysis\"]',5,'https://www.lds-engineers.com',90.00,_binary '\0\0\0\0\0\0\0aTR\' ˝S@ś˘#ąü—4@',3.75,'none'),('7e42aec3-ddc9-11f0-8727-001a7dda7113','LaMinds','[\"GIS Mapping\", \"Geospatial Consulting\", \"LiDAR Processing\", \"Photogrammetry\", \"Remote Sensing\", \"Spatial Data Analysis\", \"Terrain Analysis\"]',8,'https://www.laminds.com',120.00,_binary '\0\0\0\0\0\0\0aTR\' ˝S@ś˘#ąü—4@',4.05,'none'),('7e42cdb6-ddc9-11f0-8727-001a7dda7113','Terra Align Geospatial Solutions','[\"GIS Mapping\", \"Geospatial Consulting\", \"LiDAR Processing\", \"Photogrammetry\", \"Remote Sensing\", \"Spatial Data Analysis\"]',7,'https://www.terra-align-geospatial-solutions.com',90.00,_binary '\0\0\0\0\0\0\0aTR\' ˝S@ś˘#ąü—4@',3.81,'none'),('7e43150f-ddc9-11f0-8727-001a7dda7113','SKYMAP GEO-INFOMATIC','[\"GIS Mapping\", \"Geospatial Consulting\", \"LiDAR Processing\", \"Photogrammetry\", \"Remote Sensing\", \"Spatial Data Analysis\"]',9,'https://www.skymap-geo-infomatic.com',90.00,_binary '\0\0\0\0\0\0\0aTR\' ˝S@ś˘#ąü—4@',3.87,'none'),('7e433525-ddc9-11f0-8727-001a7dda7113','AiRotor Technologies','[\"GIS Mapping\", \"Geospatial Consulting\", \"LiDAR Processing\", \"Photogrammetry\", \"Remote Sensing\", \"Spatial Data Analysis\"]',6,'https://www.airotor-technologies.com',90.00,_binary '\0\0\0\0\0\0\0aTR\' ˝S@ś˘#ąü—4@',3.78,'none'),('7e435464-ddc9-11f0-8727-001a7dda7113','Lonar Technologies','[\"GIS Mapping\", \"Geospatial Consulting\", \"LiDAR Processing\", \"Photogrammetry\", \"Remote Sensing\", \"Spatial Data Analysis\"]',11,'https://www.lonar-technologies.com',120.00,_binary '\0\0\0\0\0\0\0aTR\' ˝S@ś˘#ąü—4@',3.93,'none'),('7e43747f-ddc9-11f0-8727-001a7dda7113','Axesmap','[\"GIS Mapping\", \"Geospatial Consulting\", \"LiDAR Processing\", \"Photogrammetry\", \"Remote Sensing\", \"Spatial Data Analysis\", \"UAV Mapping\"]',15,'https://www.axesmap.com',120.00,_binary '\0\0\0\0\0\0\0aTR\' ˝S@ś˘#ąü—4@',4.05,'none'),('7e439361-ddc9-11f0-8727-001a7dda7113','LuminoGuru','[\"BIM Integration\", \"GIS Mapping\", \"Geospatial Consulting\", \"LiDAR Processing\", \"Photogrammetry\", \"Remote Sensing\", \"Spatial Data Analysis\"]',4,'https://www.luminoguru.com',120.00,_binary '\0\0\0\0\0\0\0aTR\' ˝S@ś˘#ąü—4@',3.93,'none');
/*!40000 ALTER TABLE `providerprofile` ENABLE KEYS */;
UNLOCK TABLES;

--
-- Table structure for table `review`
--

DROP TABLE IF EXISTS `review`;
/*!40101 SET @saved_cs_client     = @@character_set_client */;
/*!50503 SET character_set_client = utf8mb4 */;
CREATE TABLE `review` (
  `review_id` char(36) NOT NULL DEFAULT (uuid()),
  `contract_id` char(36) NOT NULL,
  `reviewer_id` char(36) NOT NULL,
  `reviewee_id` char(36) NOT NULL,
  `rating` tinyint unsigned NOT NULL,
  `comments` text NOT NULL,
  `timestamp` datetime NOT NULL DEFAULT CURRENT_TIMESTAMP,
  PRIMARY KEY (`review_id`),
  KEY `contract_id` (`contract_id`),
  KEY `reviewer_id` (`reviewer_id`),
  KEY `reviewee_id` (`reviewee_id`),
  CONSTRAINT `review_ibfk_1` FOREIGN KEY (`contract_id`) REFERENCES `contract` (`contract_id`) ON DELETE CASCADE ON UPDATE CASCADE,
  CONSTRAINT `review_ibfk_2` FOREIGN KEY (`reviewer_id`) REFERENCES `user` (`user_id`) ON DELETE RESTRICT,
  CONSTRAINT `review_ibfk_3` FOREIGN KEY (`reviewee_id`) REFERENCES `user` (`user_id`) ON DELETE RESTRICT,
  CONSTRAINT `review_chk_1` CHECK ((`rating` between 1 and 5))
) ENGINE=InnoDB DEFAULT CHARSET=utf8mb4 COLLATE=utf8mb4_0900_ai_ci;
/*!40101 SET character_set_client = @saved_cs_client */;

--
-- Dumping data for table `review`
--

LOCK TABLES `review` WRITE;
/*!40000 ALTER TABLE `review` DISABLE KEYS */;
/*!40000 ALTER TABLE `review` ENABLE KEYS */;
UNLOCK TABLES;

--
-- Table structure for table `servicecategory`
--

DROP TABLE IF EXISTS `servicecategory`;
/*!40101 SET @saved_cs_client     = @@character_set_client */;
/*!50503 SET character_set_client = utf8mb4 */;
CREATE TABLE `servicecategory` (
  `category_id` int unsigned NOT NULL AUTO_INCREMENT,
  `parent_category_id` int unsigned DEFAULT NULL,
  `category_name` varchar(100) NOT NULL,
  `description` text,
  `embedding_vector` varbinary(256) DEFAULT NULL,
  PRIMARY KEY (`category_id`),
  UNIQUE KEY `category_name` (`category_name`),
  KEY `parent_category_id` (`parent_category_id`),
  CONSTRAINT `servicecategory_ibfk_1` FOREIGN KEY (`parent_category_id`) REFERENCES `servicecategory` (`category_id`) ON DELETE SET NULL ON UPDATE CASCADE
) ENGINE=InnoDB AUTO_INCREMENT=10 DEFAULT CHARSET=utf8mb4 COLLATE=utf8mb4_0900_ai_ci;
/*!40101 SET character_set_client = @saved_cs_client */;

--
-- Dumping data for table `servicecategory`
--

LOCK TABLES `servicecategory` WRITE;
/*!40000 ALTER TABLE `servicecategory` DISABLE KEYS */;
/*!40000 ALTER TABLE `servicecategory` ENABLE KEYS */;
UNLOCK TABLES;

--
-- Table structure for table `servicelisting`
--

DROP TABLE IF EXISTS `servicelisting`;
/*!40101 SET @saved_cs_client     = @@character_set_client */;
/*!50503 SET character_set_client = utf8mb4 */;
CREATE TABLE `servicelisting` (
  `service_id` char(36) NOT NULL DEFAULT (uuid()),
  `provider_id` char(36) NOT NULL,
  `category_id` int unsigned NOT NULL,
  `title` varchar(255) NOT NULL,
  `description` text NOT NULL,
  `price_type` enum('fixed','hourly') NOT NULL,
  `base_price` decimal(10,2) NOT NULL,
  `tags` json DEFAULT NULL,
  `embedding_vector` varbinary(256) DEFAULT NULL,
  `status` enum('active','inactive','draft') NOT NULL DEFAULT 'active',
  `tags_search` text GENERATED ALWAYS AS (json_unquote(json_extract(`tags`,_cp850'$[*]'))) STORED,
  PRIMARY KEY (`service_id`),
  KEY `idx_listing_provider` (`provider_id`),
  KEY `idx_listing_category` (`category_id`),
  KEY `idx_listing_status` (`status`),
  KEY `idx_active_listings` (`status`,`category_id`,`base_price`),
  FULLTEXT KEY `idx_service_tags` (`tags_search`),
  FULLTEXT KEY `idx_service_search` (`title`,`description`),
  CONSTRAINT `servicelisting_ibfk_1` FOREIGN KEY (`provider_id`) REFERENCES `providerprofile` (`provider_id`) ON DELETE CASCADE ON UPDATE CASCADE,
  CONSTRAINT `servicelisting_ibfk_2` FOREIGN KEY (`category_id`) REFERENCES `servicecategory` (`category_id`) ON DELETE RESTRICT ON UPDATE CASCADE
) ENGINE=InnoDB DEFAULT CHARSET=utf8mb4 COLLATE=utf8mb4_0900_ai_ci;
/*!40101 SET character_set_client = @saved_cs_client */;

--
-- Dumping data for table `servicelisting`
--

LOCK TABLES `servicelisting` WRITE;
/*!40000 ALTER TABLE `servicelisting` DISABLE KEYS */;
/*!40000 ALTER TABLE `servicelisting` ENABLE KEYS */;
UNLOCK TABLES;

--
-- Table structure for table `sessions`
--

DROP TABLE IF EXISTS `sessions`;
/*!40101 SET @saved_cs_client     = @@character_set_client */;
/*!50503 SET character_set_client = utf8mb4 */;
CREATE TABLE `sessions` (
  `id` int NOT NULL AUTO_INCREMENT,
  `session_token` varchar(255) NOT NULL,
  `user_id` char(36) NOT NULL,
  `expires` datetime NOT NULL,
  PRIMARY KEY (`id`),
  UNIQUE KEY `session_token` (`session_token`),
  KEY `user_id` (`user_id`),
  CONSTRAINT `sessions_ibfk_1` FOREIGN KEY (`user_id`) REFERENCES `user` (`user_id`) ON DELETE CASCADE
) ENGINE=InnoDB AUTO_INCREMENT=2 DEFAULT CHARSET=utf8mb4 COLLATE=utf8mb4_0900_ai_ci;
/*!40101 SET character_set_client = @saved_cs_client */;

--
-- Dumping data for table `sessions`
--

LOCK TABLES `sessions` WRITE;
/*!40000 ALTER TABLE `sessions` DISABLE KEYS */;
INSERT INTO `sessions` VALUES (1,'3b3137dfe6d214fe5a8e736d6b3b3cfa2bd40147a05b99fb180b66ea8a6047db','061b6e0c-583b-4f56-8855-fb20d208b095','2026-01-30 16:42:22');
/*!40000 ALTER TABLE `sessions` ENABLE KEYS */;
UNLOCK TABLES;

--
-- Table structure for table `subscriptionplan`
--

DROP TABLE IF EXISTS `subscriptionplan`;
/*!40101 SET @saved_cs_client     = @@character_set_client */;
/*!50503 SET character_set_client = utf8mb4 */;
CREATE TABLE `subscriptionplan` (
  `id` int NOT NULL AUTO_INCREMENT,
  `name` varchar(50) DEFAULT NULL,
  `monthly_price` decimal(10,2) DEFAULT NULL,
  `monthly_credits` int DEFAULT NULL,
  `is_active` tinyint(1) DEFAULT '1',
  PRIMARY KEY (`id`)
) ENGINE=InnoDB DEFAULT CHARSET=utf8mb4 COLLATE=utf8mb4_0900_ai_ci;
/*!40101 SET character_set_client = @saved_cs_client */;

--
-- Dumping data for table `subscriptionplan`
--

LOCK TABLES `subscriptionplan` WRITE;
/*!40000 ALTER TABLE `subscriptionplan` DISABLE KEYS */;
/*!40000 ALTER TABLE `subscriptionplan` ENABLE KEYS */;
UNLOCK TABLES;

--
-- Table structure for table `user`
--

DROP TABLE IF EXISTS `user`;
/*!40101 SET @saved_cs_client     = @@character_set_client */;
/*!50503 SET character_set_client = utf8mb4 */;
CREATE TABLE `user` (
  `user_id` char(36) NOT NULL DEFAULT (uuid()),
  `email` varchar(255) NOT NULL,
  `password_hash` varchar(255) NOT NULL,
  `user_type` enum('buyer','provider','admin') NOT NULL,
  `join_date` datetime NOT NULL DEFAULT CURRENT_TIMESTAMP,
  `last_login` datetime DEFAULT NULL,
  `status` enum('active','inactive','suspended') NOT NULL DEFAULT 'active',
  PRIMARY KEY (`user_id`),
  UNIQUE KEY `email` (`email`)
) ENGINE=InnoDB DEFAULT CHARSET=utf8mb4 COLLATE=utf8mb4_0900_ai_ci;
/*!40101 SET character_set_client = @saved_cs_client */;

--
-- Dumping data for table `user`
--

LOCK TABLES `user` WRITE;
/*!40000 ALTER TABLE `user` DISABLE KEYS */;
INSERT INTO `user` VALUES ('061b6e0c-583b-4f56-8855-fb20d208b095','saransh1@gmail.com','$2b$12$iK3wjeVTZTUqxcR95e2vRO0Eg2yK07wvpLQkO6kpgjzTQACnz9j7W','buyer','2025-12-31 16:20:52','2025-12-31 16:42:22','active'),('7e2b5874-ddc9-11f0-8727-001a7dda7113','nakshatechprivatelimited@provider.local','8d969eef6ecad3c29a3a629280e686cf0c3f5d5a86aff3ca12020c923adc6c92','provider','2025-12-20 22:59:52',NULL,'active'),('7e33587c-ddc9-11f0-8727-001a7dda7113','geoknoindia@provider.local','8d969eef6ecad3c29a3a629280e686cf0c3f5d5a86aff3ca12020c923adc6c92','provider','2025-12-20 22:59:52',NULL,'active'),('7e33820b-ddc9-11f0-8727-001a7dda7113','aamgeospatialtechprivatelimited@provider.local','8d969eef6ecad3c29a3a629280e686cf0c3f5d5a86aff3ca12020c923adc6c92','provider','2025-12-20 22:59:52',NULL,'active'),('7e33a7b4-ddc9-11f0-8727-001a7dda7113','alartechnologies@provider.local','8d969eef6ecad3c29a3a629280e686cf0c3f5d5a86aff3ca12020c923adc6c92','provider','2025-12-20 22:59:52',NULL,'active'),('7e33ccc8-ddc9-11f0-8727-001a7dda7113','focusgeospatialprivatelimited@provider.local','8d969eef6ecad3c29a3a629280e686cf0c3f5d5a86aff3ca12020c923adc6c92','provider','2025-12-20 22:59:52',NULL,'active'),('7e341d4f-ddc9-11f0-8727-001a7dda7113','geocentroidpvtltd@provider.local','8d969eef6ecad3c29a3a629280e686cf0c3f5d5a86aff3ca12020c923adc6c92','provider','2025-12-20 22:59:52',NULL,'active'),('7e34412d-ddc9-11f0-8727-001a7dda7113','goodlandgeospatialconsultantspvtltd@provider.local','8d969eef6ecad3c29a3a629280e686cf0c3f5d5a86aff3ca12020c923adc6c92','provider','2025-12-20 22:59:52',NULL,'active'),('7e34647a-ddc9-11f0-8727-001a7dda7113','mappaconsultingengineers@provider.local','8d969eef6ecad3c29a3a629280e686cf0c3f5d5a86aff3ca12020c923adc6c92','provider','2025-12-20 22:59:52',NULL,'active'),('7e348867-ddc9-11f0-8727-001a7dda7113','matrixgeosolutionltd@provider.local','8d969eef6ecad3c29a3a629280e686cf0c3f5d5a86aff3ca12020c923adc6c92','provider','2025-12-20 22:59:52',NULL,'active'),('7e34ae0e-ddc9-11f0-8727-001a7dda7113','lidartechpvtltd@provider.local','8d969eef6ecad3c29a3a629280e686cf0c3f5d5a86aff3ca12020c923adc6c92','provider','2025-12-20 22:59:52',NULL,'active'),('7e34d940-ddc9-11f0-8727-001a7dda7113','genesysinternationalcorporationlimited@provider.local','8d969eef6ecad3c29a3a629280e686cf0c3f5d5a86aff3ca12020c923adc6c92','provider','2025-12-20 22:59:52',NULL,'active'),('7e351e3a-ddc9-11f0-8727-001a7dda7113','marvelgeospatialsolutionspvtltd@provider.local','8d969eef6ecad3c29a3a629280e686cf0c3f5d5a86aff3ca12020c923adc6c92','provider','2025-12-20 22:59:52',NULL,'active'),('7e354bc0-ddc9-11f0-8727-001a7dda7113','bpcconsultantindiapvtltd@provider.local','8d969eef6ecad3c29a3a629280e686cf0c3f5d5a86aff3ca12020c923adc6c92','provider','2025-12-20 22:59:52',NULL,'active'),('7e357865-ddc9-11f0-8727-001a7dda7113','airpix@provider.local','8d969eef6ecad3c29a3a629280e686cf0c3f5d5a86aff3ca12020c923adc6c92','provider','2025-12-20 22:59:52',NULL,'active'),('7e359a1b-ddc9-11f0-8727-001a7dda7113','sislindia@provider.local','8d969eef6ecad3c29a3a629280e686cf0c3f5d5a86aff3ca12020c923adc6c92','provider','2025-12-20 22:59:52',NULL,'active'),('7e35bbb2-ddc9-11f0-8727-001a7dda7113','geovistatechnologiesprivatelimited@provider.local','8d969eef6ecad3c29a3a629280e686cf0c3f5d5a86aff3ca12020c923adc6c92','provider','2025-12-20 22:59:52',NULL,'active'),('7e35dcc4-ddc9-11f0-8727-001a7dda7113','neogeoinfotechnologiespvtltd@provider.local','8d969eef6ecad3c29a3a629280e686cf0c3f5d5a86aff3ca12020c923adc6c92','provider','2025-12-20 22:59:52',NULL,'active'),('7e35fe43-ddc9-11f0-8727-001a7dda7113','lidarengineeringandinfrastructurepvtltd@provider.local','8d969eef6ecad3c29a3a629280e686cf0c3f5d5a86aff3ca12020c923adc6c92','provider','2025-12-20 22:59:52',NULL,'active'),('7e361ecf-ddc9-11f0-8727-001a7dda7113','datalabsindiasolutionspvtltd@provider.local','8d969eef6ecad3c29a3a629280e686cf0c3f5d5a86aff3ca12020c923adc6c92','provider','2025-12-20 22:59:52',NULL,'active'),('7e363f68-ddc9-11f0-8727-001a7dda7113','landcoordinatestechnologylctssin@provider.local','8d969eef6ecad3c29a3a629280e686cf0c3f5d5a86aff3ca12020c923adc6c92','provider','2025-12-20 22:59:52',NULL,'active'),('7e36604b-ddc9-11f0-8727-001a7dda7113','rightdatalabspvtltd@provider.local','8d969eef6ecad3c29a3a629280e686cf0c3f5d5a86aff3ca12020c923adc6c92','provider','2025-12-20 22:59:52',NULL,'active'),('7e3684a5-ddc9-11f0-8727-001a7dda7113','leadsquared@provider.local','8d969eef6ecad3c29a3a629280e686cf0c3f5d5a86aff3ca12020c923adc6c92','provider','2025-12-20 22:59:52',NULL,'active'),('7e36a411-ddc9-11f0-8727-001a7dda7113','ispatialtechnosolutionspvtltd@provider.local','8d969eef6ecad3c29a3a629280e686cf0c3f5d5a86aff3ca12020c923adc6c92','provider','2025-12-20 22:59:52',NULL,'active'),('7e36c538-ddc9-11f0-8727-001a7dda7113','datarisesolutions@provider.local','8d969eef6ecad3c29a3a629280e686cf0c3f5d5a86aff3ca12020c923adc6c92','provider','2025-12-20 22:59:52',NULL,'active'),('7e36e561-ddc9-11f0-8727-001a7dda7113','lumendatasolutionsindiapvtltd@provider.local','8d969eef6ecad3c29a3a629280e686cf0c3f5d5a86aff3ca12020c923adc6c92','provider','2025-12-20 22:59:52',NULL,'active'),('7e3706bc-ddc9-11f0-8727-001a7dda7113','atomaviationservicespvtltd@provider.local','8d969eef6ecad3c29a3a629280e686cf0c3f5d5a86aff3ca12020c923adc6c92','provider','2025-12-20 22:59:52',NULL,'active'),('7e372884-ddc9-11f0-8727-001a7dda7113','3dpointshot@provider.local','8d969eef6ecad3c29a3a629280e686cf0c3f5d5a86aff3ca12020c923adc6c92','provider','2025-12-20 22:59:52',NULL,'active'),('7e385d29-ddc9-11f0-8727-001a7dda7113','infogeo@provider.local','8d969eef6ecad3c29a3a629280e686cf0c3f5d5a86aff3ca12020c923adc6c92','provider','2025-12-20 22:59:52',NULL,'active'),('7e396228-ddc9-11f0-8727-001a7dda7113','robomaniaindiaprivatelimited@provider.local','8d969eef6ecad3c29a3a629280e686cf0c3f5d5a86aff3ca12020c923adc6c92','provider','2025-12-20 22:59:52',NULL,'active'),('7e398a41-ddc9-11f0-8727-001a7dda7113','trigeotechnologies@provider.local','8d969eef6ecad3c29a3a629280e686cf0c3f5d5a86aff3ca12020c923adc6c92','provider','2025-12-20 22:59:52',NULL,'active'),('7e39acd5-ddc9-11f0-8727-001a7dda7113','vividgeospatial@provider.local','8d969eef6ecad3c29a3a629280e686cf0c3f5d5a86aff3ca12020c923adc6c92','provider','2025-12-20 22:59:52',NULL,'active'),('7e39cc46-ddc9-11f0-8727-001a7dda7113','focusgeospatial@provider.local','8d969eef6ecad3c29a3a629280e686cf0c3f5d5a86aff3ca12020c923adc6c92','provider','2025-12-20 22:59:52',NULL,'active'),('7e39eaab-ddc9-11f0-8727-001a7dda7113','ceinsystech@provider.local','8d969eef6ecad3c29a3a629280e686cf0c3f5d5a86aff3ca12020c923adc6c92','provider','2025-12-20 22:59:52',NULL,'active'),('7e3a0948-ddc9-11f0-8727-001a7dda7113','avakazageoscienceresearchtechnologies@provider.local','8d969eef6ecad3c29a3a629280e686cf0c3f5d5a86aff3ca12020c923adc6c92','provider','2025-12-20 22:59:52',NULL,'active'),('7e3a2715-ddc9-11f0-8727-001a7dda7113','geoadithyatechnologies@provider.local','8d969eef6ecad3c29a3a629280e686cf0c3f5d5a86aff3ca12020c923adc6c92','provider','2025-12-20 22:59:52',NULL,'active'),('7e3b9f9f-ddc9-11f0-8727-001a7dda7113','geopageconsultants@provider.local','8d969eef6ecad3c29a3a629280e686cf0c3f5d5a86aff3ca12020c923adc6c92','provider','2025-12-20 22:59:52',NULL,'active'),('7e3bc3e6-ddc9-11f0-8727-001a7dda7113','leptonsoftware@provider.local','8d969eef6ecad3c29a3a629280e686cf0c3f5d5a86aff3ca12020c923adc6c92','provider','2025-12-20 22:59:52',NULL,'active'),('7e3be8b4-ddc9-11f0-8727-001a7dda7113','ansimaptechnologies@provider.local','8d969eef6ecad3c29a3a629280e686cf0c3f5d5a86aff3ca12020c923adc6c92','provider','2025-12-20 22:59:52',NULL,'active'),('7e3c0d7e-ddc9-11f0-8727-001a7dda7113','productionmodelingindiaprivatelimited@provider.local','8d969eef6ecad3c29a3a629280e686cf0c3f5d5a86aff3ca12020c923adc6c92','provider','2025-12-20 22:59:52',NULL,'active'),('7e3c33ae-ddc9-11f0-8727-001a7dda7113','orbxtechnologiesprivatelimited@provider.local','8d969eef6ecad3c29a3a629280e686cf0c3f5d5a86aff3ca12020c923adc6c92','provider','2025-12-20 22:59:52',NULL,'active'),('7e3c5661-ddc9-11f0-8727-001a7dda7113','mapvista@provider.local','8d969eef6ecad3c29a3a629280e686cf0c3f5d5a86aff3ca12020c923adc6c92','provider','2025-12-20 22:59:52',NULL,'active'),('7e3d0b1f-ddc9-11f0-8727-001a7dda7113','miraiaerospacesystems@provider.local','8d969eef6ecad3c29a3a629280e686cf0c3f5d5a86aff3ca12020c923adc6c92','provider','2025-12-20 22:59:52',NULL,'active'),('7e3d3017-ddc9-11f0-8727-001a7dda7113','ausaaravunmannedsystems@provider.local','8d969eef6ecad3c29a3a629280e686cf0c3f5d5a86aff3ca12020c923adc6c92','provider','2025-12-20 22:59:52',NULL,'active'),('7e3d5095-ddc9-11f0-8727-001a7dda7113','kglobesofttechindia@provider.local','8d969eef6ecad3c29a3a629280e686cf0c3f5d5a86aff3ca12020c923adc6c92','provider','2025-12-20 22:59:52',NULL,'active'),('7e3d70d1-ddc9-11f0-8727-001a7dda7113','pixelvision@provider.local','8d969eef6ecad3c29a3a629280e686cf0c3f5d5a86aff3ca12020c923adc6c92','provider','2025-12-20 22:59:52',NULL,'active'),('7e3d907e-ddc9-11f0-8727-001a7dda7113','hdsense@provider.local','8d969eef6ecad3c29a3a629280e686cf0c3f5d5a86aff3ca12020c923adc6c92','provider','2025-12-20 22:59:52',NULL,'active'),('7e3daf61-ddc9-11f0-8727-001a7dda7113','easternaerocarto@provider.local','8d969eef6ecad3c29a3a629280e686cf0c3f5d5a86aff3ca12020c923adc6c92','provider','2025-12-20 22:59:52',NULL,'active'),('7e3dcef8-ddc9-11f0-8727-001a7dda7113','deducetechnologies@provider.local','8d969eef6ecad3c29a3a629280e686cf0c3f5d5a86aff3ca12020c923adc6c92','provider','2025-12-20 22:59:52',NULL,'active'),('7e3dee5f-ddc9-11f0-8727-001a7dda7113','aryageospatial@provider.local','8d969eef6ecad3c29a3a629280e686cf0c3f5d5a86aff3ca12020c923adc6c92','provider','2025-12-20 22:59:52',NULL,'active'),('7e3e0dc1-ddc9-11f0-8727-001a7dda7113','edge3dtechnologies@provider.local','8d969eef6ecad3c29a3a629280e686cf0c3f5d5a86aff3ca12020c923adc6c92','provider','2025-12-20 22:59:52',NULL,'active'),('7e3e2e3f-ddc9-11f0-8727-001a7dda7113','asteriaaerospace@provider.local','8d969eef6ecad3c29a3a629280e686cf0c3f5d5a86aff3ca12020c923adc6c92','provider','2025-12-20 22:59:52',NULL,'active'),('7e3e4e3c-ddc9-11f0-8727-001a7dda7113','peppertreeai@provider.local','8d969eef6ecad3c29a3a629280e686cf0c3f5d5a86aff3ca12020c923adc6c92','provider','2025-12-20 22:59:52',NULL,'active'),('7e3e93db-ddc9-11f0-8727-001a7dda7113','jkrconsulting@provider.local','8d969eef6ecad3c29a3a629280e686cf0c3f5d5a86aff3ca12020c923adc6c92','provider','2025-12-20 22:59:52',NULL,'active'),('7e3eb46e-ddc9-11f0-8727-001a7dda7113','heliware@provider.local','8d969eef6ecad3c29a3a629280e686cf0c3f5d5a86aff3ca12020c923adc6c92','provider','2025-12-20 22:59:52',NULL,'active'),('7e3ed474-ddc9-11f0-8727-001a7dda7113','gisconsortiumindiapvtltd@provider.local','8d969eef6ecad3c29a3a629280e686cf0c3f5d5a86aff3ca12020c923adc6c92','provider','2025-12-20 22:59:52',NULL,'active'),('7e3ef46f-ddc9-11f0-8727-001a7dda7113','rsisoftech@provider.local','8d969eef6ecad3c29a3a629280e686cf0c3f5d5a86aff3ca12020c923adc6c92','provider','2025-12-20 22:59:52',NULL,'active'),('7e3f17aa-ddc9-11f0-8727-001a7dda7113','coordinatesystemsllp@provider.local','8d969eef6ecad3c29a3a629280e686cf0c3f5d5a86aff3ca12020c923adc6c92','provider','2025-12-20 22:59:52',NULL,'active'),('7e3f3b1a-ddc9-11f0-8727-001a7dda7113','aerodyneindia@provider.local','8d969eef6ecad3c29a3a629280e686cf0c3f5d5a86aff3ca12020c923adc6c92','provider','2025-12-20 22:59:52',NULL,'active'),('7e3f5b8c-ddc9-11f0-8727-001a7dda7113','terrageotechnologies@provider.local','8d969eef6ecad3c29a3a629280e686cf0c3f5d5a86aff3ca12020c923adc6c92','provider','2025-12-20 22:59:52',NULL,'active'),('7e3f80e6-ddc9-11f0-8727-001a7dda7113','mappaturageospatial@provider.local','8d969eef6ecad3c29a3a629280e686cf0c3f5d5a86aff3ca12020c923adc6c92','provider','2025-12-20 22:59:52',NULL,'active'),('7e3fa469-ddc9-11f0-8727-001a7dda7113','techmapperz@provider.local','8d969eef6ecad3c29a3a629280e686cf0c3f5d5a86aff3ca12020c923adc6c92','provider','2025-12-20 22:59:52',NULL,'active'),('7e3fcdb6-ddc9-11f0-8727-001a7dda7113','senseimagetechnologies@provider.local','8d969eef6ecad3c29a3a629280e686cf0c3f5d5a86aff3ca12020c923adc6c92','provider','2025-12-20 22:59:52',NULL,'active'),('7e3ff1ce-ddc9-11f0-8727-001a7dda7113','yellowskye@provider.local','8d969eef6ecad3c29a3a629280e686cf0c3f5d5a86aff3ca12020c923adc6c92','provider','2025-12-20 22:59:52',NULL,'active'),('7e401260-ddc9-11f0-8727-001a7dda7113','treistek@provider.local','8d969eef6ecad3c29a3a629280e686cf0c3f5d5a86aff3ca12020c923adc6c92','provider','2025-12-20 22:59:52',NULL,'active'),('7e403323-ddc9-11f0-8727-001a7dda7113','earthonmappingconsulting@provider.local','8d969eef6ecad3c29a3a629280e686cf0c3f5d5a86aff3ca12020c923adc6c92','provider','2025-12-20 22:59:52',NULL,'active'),('7e40539a-ddc9-11f0-8727-001a7dda7113','lucidimagingpvtltd@provider.local','8d969eef6ecad3c29a3a629280e686cf0c3f5d5a86aff3ca12020c923adc6c92','provider','2025-12-20 22:59:52',NULL,'active'),('7e407460-ddc9-11f0-8727-001a7dda7113','globeviewtechnologies@provider.local','8d969eef6ecad3c29a3a629280e686cf0c3f5d5a86aff3ca12020c923adc6c92','provider','2025-12-20 22:59:52',NULL,'active'),('7e4093ad-ddc9-11f0-8727-001a7dda7113','larixtechnologies@provider.local','8d969eef6ecad3c29a3a629280e686cf0c3f5d5a86aff3ca12020c923adc6c92','provider','2025-12-20 22:59:52',NULL,'active'),('7e40b30f-ddc9-11f0-8727-001a7dda7113','laderatechnology@provider.local','8d969eef6ecad3c29a3a629280e686cf0c3f5d5a86aff3ca12020c923adc6c92','provider','2025-12-20 22:59:52',NULL,'active'),('7e40d214-ddc9-11f0-8727-001a7dda7113','vmapstechindia@provider.local','8d969eef6ecad3c29a3a629280e686cf0c3f5d5a86aff3ca12020c923adc6c92','provider','2025-12-20 22:59:52',NULL,'active'),('7e40f100-ddc9-11f0-8727-001a7dda7113','geovertx@provider.local','8d969eef6ecad3c29a3a629280e686cf0c3f5d5a86aff3ca12020c923adc6c92','provider','2025-12-20 22:59:52',NULL,'active'),('7e41101f-ddc9-11f0-8727-001a7dda7113','lgeom@provider.local','8d969eef6ecad3c29a3a629280e686cf0c3f5d5a86aff3ca12020c923adc6c92','provider','2025-12-20 22:59:52',NULL,'active'),('7e412fa1-ddc9-11f0-8727-001a7dda7113','latlontechnologies@provider.local','8d969eef6ecad3c29a3a629280e686cf0c3f5d5a86aff3ca12020c923adc6c92','provider','2025-12-20 22:59:52',NULL,'active'),('7e414e8d-ddc9-11f0-8727-001a7dda7113','wildplantterrestrialsolutions@provider.local','8d969eef6ecad3c29a3a629280e686cf0c3f5d5a86aff3ca12020c923adc6c92','provider','2025-12-20 22:59:52',NULL,'active'),('7e416da2-ddc9-11f0-8727-001a7dda7113','flybitechnologies@provider.local','8d969eef6ecad3c29a3a629280e686cf0c3f5d5a86aff3ca12020c923adc6c92','provider','2025-12-20 22:59:52',NULL,'active'),('7e418cc6-ddc9-11f0-8727-001a7dda7113','leonsdigitaltechnologies@provider.local','8d969eef6ecad3c29a3a629280e686cf0c3f5d5a86aff3ca12020c923adc6c92','provider','2025-12-20 22:59:52',NULL,'active'),('7e41ac04-ddc9-11f0-8727-001a7dda7113','droneacharyaaerialinnovations@provider.local','8d969eef6ecad3c29a3a629280e686cf0c3f5d5a86aff3ca12020c923adc6c92','provider','2025-12-20 22:59:52',NULL,'active'),('7e41cb4d-ddc9-11f0-8727-001a7dda7113','astonbimcreations@provider.local','8d969eef6ecad3c29a3a629280e686cf0c3f5d5a86aff3ca12020c923adc6c92','provider','2025-12-20 22:59:52',NULL,'active'),('7e41ea58-ddc9-11f0-8727-001a7dda7113','shayonamanagementservices@provider.local','8d969eef6ecad3c29a3a629280e686cf0c3f5d5a86aff3ca12020c923adc6c92','provider','2025-12-20 22:59:52',NULL,'active'),('7e42098b-ddc9-11f0-8727-001a7dda7113','dronitech@provider.local','8d969eef6ecad3c29a3a629280e686cf0c3f5d5a86aff3ca12020c923adc6c92','provider','2025-12-20 22:59:52',NULL,'active'),('7e422bf6-ddc9-11f0-8727-001a7dda7113','laresgloballimited@provider.local','8d969eef6ecad3c29a3a629280e686cf0c3f5d5a86aff3ca12020c923adc6c92','provider','2025-12-20 22:59:52',NULL,'active'),('7e424bd1-ddc9-11f0-8727-001a7dda7113','raynasinfraandgeometics@provider.local','8d969eef6ecad3c29a3a629280e686cf0c3f5d5a86aff3ca12020c923adc6c92','provider','2025-12-20 22:59:52',NULL,'active'),('7e427083-ddc9-11f0-8727-001a7dda7113','lrsservices@provider.local','8d969eef6ecad3c29a3a629280e686cf0c3f5d5a86aff3ca12020c923adc6c92','provider','2025-12-20 22:59:52',NULL,'active'),('7e428fd1-ddc9-11f0-8727-001a7dda7113','ldsengineers@provider.local','8d969eef6ecad3c29a3a629280e686cf0c3f5d5a86aff3ca12020c923adc6c92','provider','2025-12-20 22:59:52',NULL,'active'),('7e42aec3-ddc9-11f0-8727-001a7dda7113','laminds@provider.local','8d969eef6ecad3c29a3a629280e686cf0c3f5d5a86aff3ca12020c923adc6c92','provider','2025-12-20 22:59:52',NULL,'active'),('7e42cdb6-ddc9-11f0-8727-001a7dda7113','terraaligngeospatialsolutions@provider.local','8d969eef6ecad3c29a3a629280e686cf0c3f5d5a86aff3ca12020c923adc6c92','provider','2025-12-20 22:59:52',NULL,'active'),('7e43150f-ddc9-11f0-8727-001a7dda7113','skymapgeoinfomatic@provider.local','8d969eef6ecad3c29a3a629280e686cf0c3f5d5a86aff3ca12020c923adc6c92','provider','2025-12-20 22:59:52',NULL,'active'),('7e433525-ddc9-11f0-8727-001a7dda7113','airotortechnologies@provider.local','8d969eef6ecad3c29a3a629280e686cf0c3f5d5a86aff3ca12020c923adc6c92','provider','2025-12-20 22:59:52',NULL,'active'),('7e435464-ddc9-11f0-8727-001a7dda7113','lonartechnologies@provider.local','8d969eef6ecad3c29a3a629280e686cf0c3f5d5a86aff3ca12020c923adc6c92','provider','2025-12-20 22:59:52',NULL,'active'),('7e43747f-ddc9-11f0-8727-001a7dda7113','axesmap@provider.local','8d969eef6ecad3c29a3a629280e686cf0c3f5d5a86aff3ca12020c923adc6c92','provider','2025-12-20 22:59:52',NULL,'active'),('7e439361-ddc9-11f0-8727-001a7dda7113','luminoguru@provider.local','8d969eef6ecad3c29a3a629280e686cf0c3f5d5a86aff3ca12020c923adc6c92','provider','2025-12-20 22:59:52',NULL,'active'),('a6c8090f-de27-11f0-8727-001a7dda7113','gispoint@buyer.local','8d969eef6ecad3c29a3a629280e686cf0c3f5d5a86aff3ca12020c923adc6c92','buyer','2025-12-21 10:13:53',NULL,'active'),('a6cc505d-de27-11f0-8727-001a7dda7113','lidarcouk@buyer.local','8d969eef6ecad3c29a3a629280e686cf0c3f5d5a86aff3ca12020c923adc6c92','buyer','2025-12-21 10:13:53',NULL,'active'),('a6cc7b4c-de27-11f0-8727-001a7dda7113','logxongmbhcokg@buyer.local','8d969eef6ecad3c29a3a629280e686cf0c3f5d5a86aff3ca12020c923adc6c92','buyer','2025-12-21 10:13:53',NULL,'active'),('a6d16ab5-de27-11f0-8727-001a7dda7113','blominternationaloperationsbio@buyer.local','8d969eef6ecad3c29a3a629280e686cf0c3f5d5a86aff3ca12020c923adc6c92','buyer','2025-12-21 10:13:53',NULL,'active'),('a6d19109-de27-11f0-8727-001a7dda7113','dephosgroup@buyer.local','8d969eef6ecad3c29a3a629280e686cf0c3f5d5a86aff3ca12020c923adc6c92','buyer','2025-12-21 10:13:53',NULL,'active'),('a6d1b87f-de27-11f0-8727-001a7dda7113','lidarscotland@buyer.local','8d969eef6ecad3c29a3a629280e686cf0c3f5d5a86aff3ca12020c923adc6c92','buyer','2025-12-21 10:13:53',NULL,'active'),('a6d1ea37-de27-11f0-8727-001a7dda7113','leicageosystemshexagonab@buyer.local','8d969eef6ecad3c29a3a629280e686cf0c3f5d5a86aff3ca12020c923adc6c92','buyer','2025-12-21 10:13:53',NULL,'active'),('a6d213b5-de27-11f0-8727-001a7dda7113','fugro@buyer.local','8d969eef6ecad3c29a3a629280e686cf0c3f5d5a86aff3ca12020c923adc6c92','buyer','2025-12-21 10:13:53',NULL,'active'),('a6d236b6-de27-11f0-8727-001a7dda7113','mggpaero@buyer.local','8d969eef6ecad3c29a3a629280e686cf0c3f5d5a86aff3ca12020c923adc6c92','buyer','2025-12-21 10:13:53',NULL,'active'),('a6d25881-de27-11f0-8727-001a7dda7113','korec@buyer.local','8d969eef6ecad3c29a3a629280e686cf0c3f5d5a86aff3ca12020c923adc6c92','buyer','2025-12-21 10:13:53',NULL,'active'),('a6d280a9-de27-11f0-8727-001a7dda7113','laserscanningeuropegmbh@buyer.local','8d969eef6ecad3c29a3a629280e686cf0c3f5d5a86aff3ca12020c923adc6c92','buyer','2025-12-21 10:13:53',NULL,'active'),('a6d2a67d-de27-11f0-8727-001a7dda7113','exwayz@buyer.local','8d969eef6ecad3c29a3a629280e686cf0c3f5d5a86aff3ca12020c923adc6c92','buyer','2025-12-21 10:13:53',NULL,'active'),('a6d2cd25-de27-11f0-8727-001a7dda7113','outsight@buyer.local','8d969eef6ecad3c29a3a629280e686cf0c3f5d5a86aff3ca12020c923adc6c92','buyer','2025-12-21 10:13:53',NULL,'active'),('a6d2efec-de27-11f0-8727-001a7dda7113','routescene@buyer.local','8d969eef6ecad3c29a3a629280e686cf0c3f5d5a86aff3ca12020c923adc6c92','buyer','2025-12-21 10:13:53',NULL,'active'),('a6d31ff9-de27-11f0-8727-001a7dda7113','terrasolid@buyer.local','8d969eef6ecad3c29a3a629280e686cf0c3f5d5a86aff3ca12020c923adc6c92','buyer','2025-12-21 10:13:53',NULL,'active'),('a6d34d8a-de27-11f0-8727-001a7dda7113','3deling@buyer.local','8d969eef6ecad3c29a3a629280e686cf0c3f5d5a86aff3ca12020c923adc6c92','buyer','2025-12-21 10:13:53',NULL,'active'),('a6d3916c-de27-11f0-8727-001a7dda7113','cyclomedia@buyer.local','8d969eef6ecad3c29a3a629280e686cf0c3f5d5a86aff3ca12020c923adc6c92','buyer','2025-12-21 10:13:53',NULL,'active'),('a6d3b9a5-de27-11f0-8727-001a7dda7113','dtmapping@buyer.local','8d969eef6ecad3c29a3a629280e686cf0c3f5d5a86aff3ca12020c923adc6c92','buyer','2025-12-21 10:13:53',NULL,'active'),('a6d3e0bc-de27-11f0-8727-001a7dda7113','generationsrobots@buyer.local','8d969eef6ecad3c29a3a629280e686cf0c3f5d5a86aff3ca12020c923adc6c92','buyer','2025-12-21 10:13:53',NULL,'active'),('a6d40388-de27-11f0-8727-001a7dda7113','geoslamlimited@buyer.local','8d969eef6ecad3c29a3a629280e686cf0c3f5d5a86aff3ca12020c923adc6c92','buyer','2025-12-21 10:13:53',NULL,'active'),('a6d42ecf-de27-11f0-8727-001a7dda7113','microdronesgmbh@buyer.local','8d969eef6ecad3c29a3a629280e686cf0c3f5d5a86aff3ca12020c923adc6c92','buyer','2025-12-21 10:13:53',NULL,'active'),('a6d464e7-de27-11f0-8727-001a7dda7113','nmgroup@buyer.local','8d969eef6ecad3c29a3a629280e686cf0c3f5d5a86aff3ca12020c923adc6c92','buyer','2025-12-21 10:13:53',NULL,'active'),('a6d48dc3-de27-11f0-8727-001a7dda7113','yellowscansas@buyer.local','8d969eef6ecad3c29a3a629280e686cf0c3f5d5a86aff3ca12020c923adc6c92','buyer','2025-12-21 10:13:53',NULL,'active'),('a6d4b606-de27-11f0-8727-001a7dda7113','fiverivers@buyer.local','8d969eef6ecad3c29a3a629280e686cf0c3f5d5a86aff3ca12020c923adc6c92','buyer','2025-12-21 10:13:53',NULL,'active'),('a6d4dc2b-de27-11f0-8727-001a7dda7113','qebim@buyer.local','8d969eef6ecad3c29a3a629280e686cf0c3f5d5a86aff3ca12020c923adc6c92','buyer','2025-12-21 10:13:53',NULL,'active'),('a6d50171-de27-11f0-8727-001a7dda7113','energylineltd@buyer.local','8d969eef6ecad3c29a3a629280e686cf0c3f5d5a86aff3ca12020c923adc6c92','buyer','2025-12-21 10:13:53',NULL,'active'),('a6d52514-de27-11f0-8727-001a7dda7113','yellowscan@buyer.local','8d969eef6ecad3c29a3a629280e686cf0c3f5d5a86aff3ca12020c923adc6c92','buyer','2025-12-21 10:13:53',NULL,'active'),('a6d545bf-de27-11f0-8727-001a7dda7113','cadden@buyer.local','8d969eef6ecad3c29a3a629280e686cf0c3f5d5a86aff3ca12020c923adc6c92','buyer','2025-12-21 10:13:53',NULL,'active'),('a6d56452-de27-11f0-8727-001a7dda7113','bimsolutions@buyer.local','8d969eef6ecad3c29a3a629280e686cf0c3f5d5a86aff3ca12020c923adc6c92','buyer','2025-12-21 10:13:53',NULL,'active'),('a6d58313-de27-11f0-8727-001a7dda7113','xenomatix@buyer.local','8d969eef6ecad3c29a3a629280e686cf0c3f5d5a86aff3ca12020c923adc6c92','buyer','2025-12-21 10:13:53',NULL,'active'),('a6d5a402-de27-11f0-8727-001a7dda7113','eurosense@buyer.local','8d969eef6ecad3c29a3a629280e686cf0c3f5d5a86aff3ca12020c923adc6c92','buyer','2025-12-21 10:13:53',NULL,'active'),('a6d5ca13-de27-11f0-8727-001a7dda7113','blickfeld@buyer.local','8d969eef6ecad3c29a3a629280e686cf0c3f5d5a86aff3ca12020c923adc6c92','buyer','2025-12-21 10:13:53',NULL,'active'),('a6d5e91d-de27-11f0-8727-001a7dda7113','bimfaktoria@buyer.local','8d969eef6ecad3c29a3a629280e686cf0c3f5d5a86aff3ca12020c923adc6c92','buyer','2025-12-21 10:13:53',NULL,'active'),('a6d60737-de27-11f0-8727-001a7dda7113','laserdatagmbh@buyer.local','8d969eef6ecad3c29a3a629280e686cf0c3f5d5a86aff3ca12020c923adc6c92','buyer','2025-12-21 10:13:53',NULL,'active'),('a6d6272c-de27-11f0-8727-001a7dda7113','airbornelidarmappingas@buyer.local','8d969eef6ecad3c29a3a629280e686cf0c3f5d5a86aff3ca12020c923adc6c92','buyer','2025-12-21 10:13:53',NULL,'active'),('a6d645ec-de27-11f0-8727-001a7dda7113','readaar@buyer.local','8d969eef6ecad3c29a3a629280e686cf0c3f5d5a86aff3ca12020c923adc6c92','buyer','2025-12-21 10:13:53',NULL,'active'),('a6d662d7-de27-11f0-8727-001a7dda7113','greehill@buyer.local','8d969eef6ecad3c29a3a629280e686cf0c3f5d5a86aff3ca12020c923adc6c92','buyer','2025-12-21 10:13:53',NULL,'active'),('a6d67ffc-de27-11f0-8727-001a7dda7113','artificialmodelling@buyer.local','8d969eef6ecad3c29a3a629280e686cf0c3f5d5a86aff3ca12020c923adc6c92','buyer','2025-12-21 10:13:53',NULL,'active'),('a6d69fa3-de27-11f0-8727-001a7dda7113','harmonyat@buyer.local','8d969eef6ecad3c29a3a629280e686cf0c3f5d5a86aff3ca12020c923adc6c92','buyer','2025-12-21 10:13:53',NULL,'active'),('a6d6c000-de27-11f0-8727-001a7dda7113','qebimservices@buyer.local','8d969eef6ecad3c29a3a629280e686cf0c3f5d5a86aff3ca12020c923adc6c92','buyer','2025-12-21 10:13:53',NULL,'active'),('a6d6efd3-de27-11f0-8727-001a7dda7113','advenser@buyer.local','8d969eef6ecad3c29a3a629280e686cf0c3f5d5a86aff3ca12020c923adc6c92','buyer','2025-12-21 10:13:53',NULL,'active'),('a6d717f0-de27-11f0-8727-001a7dda7113','teslacaduk@buyer.local','8d969eef6ecad3c29a3a629280e686cf0c3f5d5a86aff3ca12020c923adc6c92','buyer','2025-12-21 10:13:53',NULL,'active'),('a6d73a5a-de27-11f0-8727-001a7dda7113','bimplan@buyer.local','8d969eef6ecad3c29a3a629280e686cf0c3f5d5a86aff3ca12020c923adc6c92','buyer','2025-12-21 10:13:53',NULL,'active'),('a6d75aa4-de27-11f0-8727-001a7dda7113','bureaubouwtechnieknv@buyer.local','8d969eef6ecad3c29a3a629280e686cf0c3f5d5a86aff3ca12020c923adc6c92','buyer','2025-12-21 10:13:53',NULL,'active'),('a6d7799e-de27-11f0-8727-001a7dda7113','bimconsulting@buyer.local','8d969eef6ecad3c29a3a629280e686cf0c3f5d5a86aff3ca12020c923adc6c92','buyer','2025-12-21 10:13:53',NULL,'active'),('a6d797bf-de27-11f0-8727-001a7dda7113','bimly@buyer.local','8d969eef6ecad3c29a3a629280e686cf0c3f5d5a86aff3ca12020c923adc6c92','buyer','2025-12-21 10:13:53',NULL,'active'),('a6d7b59c-de27-11f0-8727-001a7dda7113','atiproject@buyer.local','8d969eef6ecad3c29a3a629280e686cf0c3f5d5a86aff3ca12020c923adc6c92','buyer','2025-12-21 10:13:53',NULL,'active'),('a6d8168b-de27-11f0-8727-001a7dda7113','hochtiefviconisaleadingeuropeanserviceproviderandconsultantforvirtualconstructionandbuildinginformationmodelingbimitadvisesclientsintheuseofintelligent3dcomputermodelstominimizeriskscommunicateeffectivelyandsavecostsitworksonbuildingandinfrastructureproje','8d969eef6ecad3c29a3a629280e686cf0c3f5d5a86aff3ca12020c923adc6c92','buyer','2025-12-21 10:13:53',NULL,'active'),('a6d85eef-de27-11f0-8727-001a7dda7113','dpsgroupglobalisaglobalconsultingengineeringandconstructionmanagementcompanywithanofficeineuropethecompanyusesvirtualdesignandconstructionvdcmethodologiesalongsidebimtechnologiestoservehightechindustries@buyer.local','8d969eef6ecad3c29a3a629280e686cf0c3f5d5a86aff3ca12020c923adc6c92','buyer','2025-12-21 10:13:53',NULL,'active'),('a6d88800-de27-11f0-8727-001a7dda7113','bimfacilityagisabimcompanymentionedamongthetopbuildinginformationmodelingsolutionsprovidersineuropethecompanyprovidesbimservicesandisbasedinswitzerland@buyer.local','8d969eef6ecad3c29a3a629280e686cf0c3f5d5a86aff3ca12020c923adc6c92','buyer','2025-12-21 10:13:53',NULL,'active'),('a6d8e67f-de27-11f0-8727-001a7dda7113','powerkhisaukbasedcompanythatoffersmepmechanicalelectricalandplumbingbimservicesithasofficesinukraineandtheusaandprovidesavarietyofbimoutsourcingservicesincludingcontentcreationand3dmodeling@buyer.local','8d969eef6ecad3c29a3a629280e686cf0c3f5d5a86aff3ca12020c923adc6c92','buyer','2025-12-21 10:13:53',NULL,'active'),('a6d90951-de27-11f0-8727-001a7dda7113','qebimservicesisabimserviceproviderbasedintheukofferingbimmodelingservicesineuropethecompanyspecializesinarchitecturalstructuralandmepmodeling@buyer.local','8d969eef6ecad3c29a3a629280e686cf0c3f5d5a86aff3ca12020c923adc6c92','buyer','2025-12-21 10:13:53',NULL,'active'),('a6d929fe-de27-11f0-8727-001a7dda7113','harmonyatisagermancompanylocatedinkundertitoffersbimmodelingservicesforclientsineurope@buyer.local','8d969eef6ecad3c29a3a629280e686cf0c3f5d5a86aff3ca12020c923adc6c92','buyer','2025-12-21 10:13:53',NULL,'active'),('a6d94d0f-de27-11f0-8727-001a7dda7113','smallbimmodelingcompanies@buyer.local','8d969eef6ecad3c29a3a629280e686cf0c3f5d5a86aff3ca12020c923adc6c92','buyer','2025-12-21 10:13:53',NULL,'active'),('a6d98c2b-de27-11f0-8727-001a7dda7113','bimspotisanaustrianstartupfoundedin2018thatprovidesasaasplatformforbimorientedcollaborationitstechnologyallowsforthedevelopmentofdigitalbuildingmodelsindependentofspecificsoftwarechoices@buyer.local','8d969eef6ecad3c29a3a629280e686cf0c3f5d5a86aff3ca12020c923adc6c92','buyer','2025-12-21 10:13:53',NULL,'active'),('a6d9b626-de27-11f0-8727-001a7dda7113','bimlabltdmepconsultancyisaspecializedmepbimconsultancylocatedinlondonukitfocusesonmechanicalelectricalandplumbingservicesforconstructionprojects@buyer.local','8d969eef6ecad3c29a3a629280e686cf0c3f5d5a86aff3ca12020c923adc6c92','buyer','2025-12-21 10:13:53',NULL,'active'),('a6d9d914-de27-11f0-8727-001a7dda7113','bimdesignconsultingisbasedinspainandoffersbimprojectexecutionforbotharchitecturaldesignandmepinstallationsitalsoprovidesbimimplementationandtrainingforindividualsandcompanies@buyer.local','8d969eef6ecad3c29a3a629280e686cf0c3f5d5a86aff3ca12020c923adc6c92','buyer','2025-12-21 10:13:53',NULL,'active'),('a6d9f9b7-de27-11f0-8727-001a7dda7113','bimconsultingsroisaczechcompanylocatedinpragueitoffersbimmanagementconsultingtoinstitutionsandcompaniescoveringprocessdigitizationprojectmonitoringdatamanagementandstandardization@buyer.local','8d969eef6ecad3c29a3a629280e686cf0c3f5d5a86aff3ca12020c923adc6c92','buyer','2025-12-21 10:13:53',NULL,'active'),('a6da1a9d-de27-11f0-8727-001a7dda7113','digitalengineeringworksdeworksisaukbasedcompanyspecializinginbimcontentcreationitprovidesservicestoclientswithintheukandeurope@buyer.local','8d969eef6ecad3c29a3a629280e686cf0c3f5d5a86aff3ca12020c923adc6c92','buyer','2025-12-21 10:13:53',NULL,'active'),('a6db28ae-de27-11f0-8727-001a7dda7113','sagitonisabimmodelingcompanylocatedinpolanditoffersbimservicestoclientsineuropeandfocusesondigitalconstruction@buyer.local','8d969eef6ecad3c29a3a629280e686cf0c3f5d5a86aff3ca12020c923adc6c92','buyer','2025-12-21 10:13:53',NULL,'active'),('a6db549c-de27-11f0-8727-001a7dda7113','bimpactdesignsisabimoutsourcingcompanythatworkswithclientsineuropeitspecializesinarchitecturalstructuralandmepbimservicesandprovidessolutionsforconstructionprojects@buyer.local','8d969eef6ecad3c29a3a629280e686cf0c3f5d5a86aff3ca12020c923adc6c92','buyer','2025-12-21 10:13:53',NULL,'active'),('a6db7d31-de27-11f0-8727-001a7dda7113','innoviztechnologies@buyer.local','8d969eef6ecad3c29a3a629280e686cf0c3f5d5a86aff3ca12020c923adc6c92','buyer','2025-12-21 10:13:53',NULL,'active'),('a6dba3db-de27-11f0-8727-001a7dda7113','quanergy@buyer.local','8d969eef6ecad3c29a3a629280e686cf0c3f5d5a86aff3ca12020c923adc6c92','buyer','2025-12-21 10:13:53',NULL,'active'),('a6dbc515-de27-11f0-8727-001a7dda7113','velodyne@buyer.local','8d969eef6ecad3c29a3a629280e686cf0c3f5d5a86aff3ca12020c923adc6c92','buyer','2025-12-21 10:13:53',NULL,'active'),('a6dbf206-de27-11f0-8727-001a7dda7113','ceptoninc@buyer.local','8d969eef6ecad3c29a3a629280e686cf0c3f5d5a86aff3ca12020c923adc6c92','buyer','2025-12-21 10:13:53',NULL,'active'),('a6dc310f-de27-11f0-8727-001a7dda7113','hesaitechnology@buyer.local','8d969eef6ecad3c29a3a629280e686cf0c3f5d5a86aff3ca12020c923adc6c92','buyer','2025-12-21 10:13:53',NULL,'active'),('a6dc60cb-de27-11f0-8727-001a7dda7113','ouster@buyer.local','8d969eef6ecad3c29a3a629280e686cf0c3f5d5a86aff3ca12020c923adc6c92','buyer','2025-12-21 10:13:53',NULL,'active'),('a6dc852e-de27-11f0-8727-001a7dda7113','robosense@buyer.local','8d969eef6ecad3c29a3a629280e686cf0c3f5d5a86aff3ca12020c923adc6c92','buyer','2025-12-21 10:13:53',NULL,'active'),('a6dca664-de27-11f0-8727-001a7dda7113','geosat@buyer.local','8d969eef6ecad3c29a3a629280e686cf0c3f5d5a86aff3ca12020c923adc6c92','buyer','2025-12-21 10:13:53',NULL,'active');
/*!40000 ALTER TABLE `user` ENABLE KEYS */;
UNLOCK TABLES;
SET @@SESSION.SQL_LOG_BIN = @MYSQLDUMP_TEMP_LOG_BIN;
/*!40103 SET TIME_ZONE=@OLD_TIME_ZONE */;

/*!40101 SET SQL_MODE=@OLD_SQL_MODE */;
/*!40014 SET FOREIGN_KEY_CHECKS=@OLD_FOREIGN_KEY_CHECKS */;
/*!40014 SET UNIQUE_CHECKS=@OLD_UNIQUE_CHECKS */;
/*!40101 SET CHARACTER_SET_CLIENT=@OLD_CHARACTER_SET_CLIENT */;
/*!40101 SET CHARACTER_SET_RESULTS=@OLD_CHARACTER_SET_RESULTS */;
/*!40101 SET COLLATION_CONNECTION=@OLD_COLLATION_CONNECTION */;
/*!40111 SET SQL_NOTES=@OLD_SQL_NOTES */;

-- Dump completed on 2026-01-02  9:46:34
